{
          "PREC@1": 0.809609,
          "RECALL@1": 0.104328,
          "NDCG@1": 0.809609,
          "MAP@1": 0.809609,
          "MAP": 0.830693,
          "MRR@1": 0.809609,
          "PREC@2": 0.799822,
          "RECALL@2": 0.203849,
          "NDCG@2": 0.94306,
          "MAP@2": 0.876335,
          "MRR@2": 0.876335,
          "PREC@3": 0.774021,
          "RECALL@3": 0.286331,
          "NDCG@3": 0.922383,
          "MAP@3": 0.876186,
          "MRR@3": 0.883452,
          "PREC@4": 0.748665,
          "RECALL@4": 0.358978,
          "NDCG@4": 0.910372,
          "MAP@4": 0.866943,
          "MRR@4": 0.886566,
          "PREC@5": 0.729537,
          "RECALL@5": 0.428714,
          "NDCG@5": 0.903406,
          "MAP@5": 0.856954,
          "MRR@5": 0.888345,
          "PREC@6": 0.711744,
          "RECALL@6": 0.488455,
          "NDCG@6": 0.898521,
          "MAP@6": 0.848862,
          "MRR@6": 0.888642,
          "PREC@7": 0.690391,
          "RECALL@7": 0.53871,
          "NDCG@7": 0.895852,
          "MAP@7": 0.843654,
          "MRR@7": 0.888642,
          "PREC@8": 0.669262,
          "RECALL@8": 0.583128,
          "NDCG@8": 0.893768,
          "MAP@8": 0.83841,
          "MRR@8": 0.888642,
          "PREC@9": 0.648478,
          "RECALL@9": 0.621601,
          "NDCG@9": 0.892962,
          "MAP@9": 0.834967,
          "MRR@9": 0.888642,
          "PREC@10": 0.629893,
          "RECALL@10": 0.657197,
          "NDCG@10": 0.892048,
          "MAP@10": 0.830693,
          "MRR@10": 0.888642,
          "MAE": 0.813111,
          "RMSE": 1.072688,
          "hash": "ACVSWNHPTPDP",
          "degree_user_thr": 0.019306977288832496,
          "degree_item_thr": 0.07196856730011514
}