{
          "PREC@1": 0.77152,
          "RECALL@1": 0.122964,
          "NDCG@1": 0.77152,
          "MAP@1": 0.77152,
          "MAP": 0.802092,
          "MRR@1": 0.77152,
          "PREC@2": 0.750266,
          "RECALL@2": 0.223762,
          "NDCG@2": 0.916047,
          "MAP@2": 0.843783,
          "MRR@2": 0.843783,
          "PREC@3": 0.723344,
          "RECALL@3": 0.305604,
          "NDCG@3": 0.899521,
          "MAP@3": 0.843872,
          "MRR@3": 0.853702,
          "PREC@4": 0.69288,
          "RECALL@4": 0.371513,
          "NDCG@4": 0.884576,
          "MAP@4": 0.834927,
          "MRR@4": 0.855827,
          "PREC@5": 0.670776,
          "RECALL@5": 0.428484,
          "NDCG@5": 0.87577,
          "MAP@5": 0.826436,
          "MRR@5": 0.856677,
          "PREC@6": 0.648955,
          "RECALL@6": 0.478278,
          "NDCG@6": 0.871995,
          "MAP@6": 0.819205,
          "MRR@6": 0.857209,
          "PREC@7": 0.626233,
          "RECALL@7": 0.518942,
          "NDCG@7": 0.870226,
          "MAP@7": 0.813524,
          "MRR@7": 0.857512,
          "PREC@8": 0.602152,
          "RECALL@8": 0.549579,
          "NDCG@8": 0.868815,
          "MAP@8": 0.809029,
          "MRR@8": 0.857512,
          "PREC@9": 0.581296,
          "RECALL@9": 0.57797,
          "NDCG@9": 0.86796,
          "MAP@9": 0.805572,
          "MRR@9": 0.857512,
          "PREC@10": 0.559192,
          "RECALL@10": 0.600067,
          "NDCG@10": 0.867117,
          "MAP@10": 0.802092,
          "MRR@10": 0.857512,
          "MAE": 0.800147,
          "RMSE": 1.043355,
          "hash": "ARMQVJRHAEIZ",
          "degree_user_thr": 0.002682695795279725,
          "degree_item_thr": 0.03727593720314938
}