{
          "PREC@1": 0.740741,
          "RECALL@1": 0.014506,
          "NDCG@1": 0.740741,
          "MAP@1": 0.740741,
          "MAP": 0.775643,
          "MRR@1": 0.740741,
          "PREC@2": 0.703704,
          "RECALL@2": 0.026133,
          "NDCG@2": 0.851852,
          "MAP@2": 0.796296,
          "MRR@2": 0.796296,
          "PREC@3": 0.740741,
          "RECALL@3": 0.042762,
          "NDCG@3": 0.880947,
          "MAP@3": 0.805556,
          "MRR@3": 0.833333,
          "PREC@4": 0.722222,
          "RECALL@4": 0.054223,
          "NDCG@4": 0.859769,
          "MAP@4": 0.80144,
          "MRR@4": 0.833333,
          "PREC@5": 0.725926,
          "RECALL@5": 0.067447,
          "NDCG@5": 0.847542,
          "MAP@5": 0.798868,
          "MRR@5": 0.833333,
          "PREC@6": 0.703704,
          "RECALL@6": 0.077458,
          "NDCG@6": 0.845462,
          "MAP@6": 0.794156,
          "MRR@6": 0.833333,
          "PREC@7": 0.703704,
          "RECALL@7": 0.090007,
          "NDCG@7": 0.8454,
          "MAP@7": 0.791365,
          "MRR@7": 0.833333,
          "PREC@8": 0.699074,
          "RECALL@8": 0.102587,
          "NDCG@8": 0.839598,
          "MAP@8": 0.787569,
          "MRR@8": 0.833333,
          "PREC@9": 0.683128,
          "RECALL@9": 0.112367,
          "NDCG@9": 0.839754,
          "MAP@9": 0.786018,
          "MRR@9": 0.833333,
          "PREC@10": 0.688889,
          "RECALL@10": 0.127132,
          "NDCG@10": 0.836831,
          "MAP@10": 0.775643,
          "MRR@10": 0.833333,
          "MAE": 0.777846,
          "RMSE": 0.983334,
          "hash": "BCVUSHFWMPYF",
          "degree_user_thr": 0.13894954943731375,
          "degree_item_thr": 0.01
}