{
          "PREC@1": 0.760339,
          "RECALL@1": 0.087216,
          "NDCG@1": 0.760339,
          "MAP@1": 0.760339,
          "MAP": 0.793247,
          "MRR@1": 0.760339,
          "PREC@2": 0.749205,
          "RECALL@2": 0.167145,
          "NDCG@2": 0.903499,
          "MAP@2": 0.831919,
          "MRR@2": 0.831919,
          "PREC@3": 0.733121,
          "RECALL@3": 0.238351,
          "NDCG@3": 0.88985,
          "MAP@3": 0.834924,
          "MRR@3": 0.843938,
          "PREC@4": 0.715536,
          "RECALL@4": 0.301645,
          "NDCG@4": 0.879022,
          "MAP@4": 0.828149,
          "MRR@4": 0.848445,
          "PREC@5": 0.700318,
          "RECALL@5": 0.357324,
          "NDCG@5": 0.872105,
          "MAP@5": 0.820125,
          "MRR@5": 0.850141,
          "PREC@6": 0.678862,
          "RECALL@6": 0.402995,
          "NDCG@6": 0.866827,
          "MAP@6": 0.81221,
          "MRR@6": 0.850672,
          "PREC@7": 0.659749,
          "RECALL@7": 0.442519,
          "NDCG@7": 0.863957,
          "MAP@7": 0.80541,
          "MRR@7": 0.850975,
          "PREC@8": 0.638918,
          "RECALL@8": 0.472587,
          "NDCG@8": 0.862808,
          "MAP@8": 0.801123,
          "MRR@8": 0.850975,
          "PREC@9": 0.622599,
          "RECALL@9": 0.502955,
          "NDCG@9": 0.861958,
          "MAP@9": 0.796922,
          "MRR@9": 0.850975,
          "PREC@10": 0.606257,
          "RECALL@10": 0.529242,
          "NDCG@10": 0.861324,
          "MAP@10": 0.793247,
          "MRR@10": 0.850975,
          "MAE": 0.801004,
          "RMSE": 1.03943,
          "hash": "BEFTZVJLDASN",
          "degree_user_thr": 0.005179474679231209,
          "degree_item_thr": 0.0007196856730011522
}