{
          "PREC@1": 0.747346,
          "RECALL@1": 0.087652,
          "NDCG@1": 0.747346,
          "MAP@1": 0.747346,
          "MAP": 0.801161,
          "MRR@1": 0.747346,
          "PREC@2": 0.747346,
          "RECALL@2": 0.170602,
          "NDCG@2": 0.910828,
          "MAP@2": 0.829087,
          "MRR@2": 0.829087,
          "PREC@3": 0.737438,
          "RECALL@3": 0.245432,
          "NDCG@3": 0.90285,
          "MAP@3": 0.839791,
          "MRR@3": 0.845364,
          "PREC@4": 0.719214,
          "RECALL@4": 0.307342,
          "NDCG@4": 0.8866,
          "MAP@4": 0.832065,
          "MRR@4": 0.846426,
          "PREC@5": 0.705945,
          "RECALL@5": 0.363526,
          "NDCG@5": 0.879421,
          "MAP@5": 0.825027,
          "MRR@5": 0.848125,
          "PREC@6": 0.688606,
          "RECALL@6": 0.410636,
          "NDCG@6": 0.873927,
          "MAP@6": 0.817601,
          "MRR@6": 0.848478,
          "PREC@7": 0.665757,
          "RECALL@7": 0.446627,
          "NDCG@7": 0.871876,
          "MAP@7": 0.813068,
          "MRR@7": 0.84863,
          "PREC@8": 0.646231,
          "RECALL@8": 0.47966,
          "NDCG@8": 0.869888,
          "MAP@8": 0.808077,
          "MRR@8": 0.84863,
          "PREC@9": 0.626209,
          "RECALL@9": 0.507685,
          "NDCG@9": 0.869289,
          "MAP@9": 0.804455,
          "MRR@9": 0.84863,
          "PREC@10": 0.609448,
          "RECALL@10": 0.533031,
          "NDCG@10": 0.869027,
          "MAP@10": 0.801161,
          "MRR@10": 0.848736,
          "MAE": 0.798535,
          "RMSE": 1.038448,
          "hash": "BKDADASDBJFC",
          "degree_user_thr": 0.00019306977288832496,
          "degree_item_thr": 0.000372759372031494
}