{
          "PREC@1": 0.753086,
          "RECALL@1": 0.018553,
          "NDCG@1": 0.753086,
          "MAP@1": 0.753086,
          "MAP": 0.800083,
          "MRR@1": 0.753086,
          "PREC@2": 0.743827,
          "RECALL@2": 0.037035,
          "NDCG@2": 0.907407,
          "MAP@2": 0.830247,
          "MRR@2": 0.830247,
          "PREC@3": 0.744856,
          "RECALL@3": 0.054941,
          "NDCG@3": 0.887489,
          "MAP@3": 0.834362,
          "MRR@3": 0.842593,
          "PREC@4": 0.74537,
          "RECALL@4": 0.073781,
          "NDCG@4": 0.882436,
          "MAP@4": 0.830418,
          "MRR@4": 0.850309,
          "PREC@5": 0.749383,
          "RECALL@5": 0.092776,
          "NDCG@5": 0.875421,
          "MAP@5": 0.824803,
          "MRR@5": 0.851543,
          "PREC@6": 0.743827,
          "RECALL@6": 0.109622,
          "NDCG@6": 0.870103,
          "MAP@6": 0.817973,
          "MRR@6": 0.851543,
          "PREC@7": 0.746914,
          "RECALL@7": 0.128172,
          "NDCG@7": 0.866335,
          "MAP@7": 0.81021,
          "MRR@7": 0.852425,
          "PREC@8": 0.746142,
          "RECALL@8": 0.145647,
          "NDCG@8": 0.865849,
          "MAP@8": 0.806653,
          "MRR@8": 0.852425,
          "PREC@9": 0.743484,
          "RECALL@9": 0.162779,
          "NDCG@9": 0.867557,
          "MAP@9": 0.803552,
          "MRR@9": 0.853111,
          "PREC@10": 0.751235,
          "RECALL@10": 0.182987,
          "NDCG@10": 0.867723,
          "MAP@10": 0.800083,
          "MRR@10": 0.853111,
          "MAE": 0.772509,
          "RMSE": 0.996406,
          "hash": "BYLPJAPPHVIE",
          "degree_user_thr": 0.07196856730011514,
          "degree_item_thr": 0.000372759372031494
}