{
          "PREC@1": 0.76493,
          "RECALL@1": 0.070578,
          "NDCG@1": 0.76493,
          "MAP@1": 0.76493,
          "MAP": 0.80654,
          "MRR@1": 0.76493,
          "PREC@2": 0.769377,
          "RECALL@2": 0.140556,
          "NDCG@2": 0.917408,
          "MAP@2": 0.841169,
          "MRR@2": 0.841169,
          "PREC@3": 0.756883,
          "RECALL@3": 0.198353,
          "NDCG@3": 0.906112,
          "MAP@3": 0.846463,
          "MRR@3": 0.855146,
          "PREC@4": 0.7446,
          "RECALL@4": 0.252518,
          "NDCG@4": 0.89148,
          "MAP@4": 0.842651,
          "MRR@4": 0.858005,
          "PREC@5": 0.726302,
          "RECALL@5": 0.303003,
          "NDCG@5": 0.88628,
          "MAP@5": 0.835536,
          "MRR@5": 0.860038,
          "PREC@6": 0.709445,
          "RECALL@6": 0.34619,
          "NDCG@6": 0.882222,
          "MAP@6": 0.828574,
          "MRR@6": 0.860462,
          "PREC@7": 0.697767,
          "RECALL@7": 0.388293,
          "NDCG@7": 0.878911,
          "MAP@7": 0.820357,
          "MRR@7": 0.860825,
          "PREC@8": 0.687738,
          "RECALL@8": 0.428555,
          "NDCG@8": 0.87737,
          "MAP@8": 0.814387,
          "MRR@8": 0.860984,
          "PREC@9": 0.674291,
          "RECALL@9": 0.461751,
          "NDCG@9": 0.876482,
          "MAP@9": 0.810272,
          "MRR@9": 0.860984,
          "PREC@10": 0.660229,
          "RECALL@10": 0.491317,
          "NDCG@10": 0.875955,
          "MAP@10": 0.80654,
          "MRR@10": 0.860984,
          "MAE": 0.794307,
          "RMSE": 1.028717,
          "hash": "CAKADDDABIUC",
          "degree_user_thr": 0.01,
          "degree_item_thr": 0.000372759372031494
}