{
          "PREC@1": 0.796748,
          "RECALL@1": 0.034849,
          "NDCG@1": 0.796748,
          "MAP@1": 0.796748,
          "MAP": 0.827264,
          "MRR@1": 0.796748,
          "PREC@2": 0.808943,
          "RECALL@2": 0.069683,
          "NDCG@2": 0.943089,
          "MAP@2": 0.869919,
          "MRR@2": 0.869919,
          "PREC@3": 0.790425,
          "RECALL@3": 0.100399,
          "NDCG@3": 0.932101,
          "MAP@3": 0.877371,
          "MRR@3": 0.880759,
          "PREC@4": 0.786585,
          "RECALL@4": 0.133729,
          "NDCG@4": 0.91225,
          "MAP@4": 0.865477,
          "MRR@4": 0.884146,
          "PREC@5": 0.777236,
          "RECALL@5": 0.164051,
          "NDCG@5": 0.905151,
          "MAP@5": 0.859952,
          "MRR@5": 0.884688,
          "PREC@6": 0.771454,
          "RECALL@6": 0.194695,
          "NDCG@6": 0.900936,
          "MAP@6": 0.851461,
          "MRR@6": 0.88514,
          "PREC@7": 0.76384,
          "RECALL@7": 0.223735,
          "NDCG@7": 0.898015,
          "MAP@7": 0.845119,
          "MRR@7": 0.88514,
          "PREC@8": 0.755081,
          "RECALL@8": 0.251682,
          "NDCG@8": 0.895585,
          "MAP@8": 0.838484,
          "MRR@8": 0.88514,
          "PREC@9": 0.746462,
          "RECALL@9": 0.279543,
          "NDCG@9": 0.893541,
          "MAP@9": 0.83272,
          "MRR@9": 0.88514,
          "PREC@10": 0.741192,
          "RECALL@10": 0.306452,
          "NDCG@10": 0.892545,
          "MAP@10": 0.827264,
          "MRR@10": 0.88514,
          "MAE": 0.76112,
          "RMSE": 0.975478,
          "hash": "CIBGBJHUNDUF",
          "degree_user_thr": 0.03727593720314938,
          "degree_item_thr": 0.019306977288832496
}