{
          "PREC@1": 0.791328,
          "RECALL@1": 0.029656,
          "NDCG@1": 0.791328,
          "MAP@1": 0.791328,
          "MAP": 0.819205,
          "MRR@1": 0.791328,
          "PREC@2": 0.784553,
          "RECALL@2": 0.059547,
          "NDCG@2": 0.940379,
          "MAP@2": 0.865854,
          "MRR@2": 0.865854,
          "PREC@3": 0.774164,
          "RECALL@3": 0.087022,
          "NDCG@3": 0.91918,
          "MAP@3": 0.868112,
          "MRR@3": 0.87579,
          "PREC@4": 0.772358,
          "RECALL@4": 0.115684,
          "NDCG@4": 0.904091,
          "MAP@4": 0.859681,
          "MRR@4": 0.879178,
          "PREC@5": 0.765854,
          "RECALL@5": 0.143163,
          "NDCG@5": 0.897665,
          "MAP@5": 0.851566,
          "MRR@5": 0.880804,
          "PREC@6": 0.762873,
          "RECALL@6": 0.170528,
          "NDCG@6": 0.893249,
          "MAP@6": 0.845027,
          "MRR@6": 0.881256,
          "PREC@7": 0.760356,
          "RECALL@7": 0.197928,
          "NDCG@7": 0.887961,
          "MAP@7": 0.835599,
          "MRR@7": 0.881256,
          "PREC@8": 0.75271,
          "RECALL@8": 0.222894,
          "NDCG@8": 0.88774,
          "MAP@8": 0.830729,
          "MRR@8": 0.881594,
          "PREC@9": 0.746161,
          "RECALL@9": 0.247044,
          "NDCG@9": 0.886619,
          "MAP@9": 0.825548,
          "MRR@9": 0.881594,
          "PREC@10": 0.742276,
          "RECALL@10": 0.272075,
          "NDCG@10": 0.884925,
          "MAP@10": 0.819205,
          "MRR@10": 0.881594,
          "MAE": 0.777411,
          "RMSE": 0.993607,
          "hash": "CONSLGRNPDAO",
          "degree_user_thr": 0.03727593720314938,
          "degree_item_thr": 0.0013894954943731374
}