{
          "PREC@1": 0.481481,
          "RECALL@1": 0.007706,
          "NDCG@1": 0.481481,
          "MAP@1": 0.481481,
          "MAP": 0.661801,
          "MRR@1": 0.481481,
          "PREC@2": 0.555556,
          "RECALL@2": 0.018135,
          "NDCG@2": 0.703704,
          "MAP@2": 0.592593,
          "MRR@2": 0.592593,
          "PREC@3": 0.555556,
          "RECALL@3": 0.02694,
          "NDCG@3": 0.753303,
          "MAP@3": 0.638889,
          "MRR@3": 0.62963,
          "PREC@4": 0.592593,
          "RECALL@4": 0.038762,
          "NDCG@4": 0.702708,
          "MAP@4": 0.62037,
          "MRR@4": 0.62963,
          "PREC@5": 0.607407,
          "RECALL@5": 0.05019,
          "NDCG@5": 0.712943,
          "MAP@5": 0.634259,
          "MRR@5": 0.637037,
          "PREC@6": 0.641975,
          "RECALL@6": 0.064354,
          "NDCG@6": 0.718266,
          "MAP@6": 0.642263,
          "MRR@6": 0.64321,
          "PREC@7": 0.634921,
          "RECALL@7": 0.073969,
          "NDCG@7": 0.732316,
          "MAP@7": 0.653167,
          "MRR@7": 0.648501,
          "PREC@8": 0.643519,
          "RECALL@8": 0.085444,
          "NDCG@8": 0.733971,
          "MAP@8": 0.656237,
          "MRR@8": 0.648501,
          "PREC@9": 0.633745,
          "RECALL@9": 0.094186,
          "NDCG@9": 0.737574,
          "MAP@9": 0.659569,
          "MRR@9": 0.648501,
          "PREC@10": 0.648148,
          "RECALL@10": 0.107794,
          "NDCG@10": 0.741445,
          "MAP@10": 0.661801,
          "MRR@10": 0.648501,
          "MAE": 0.830228,
          "RMSE": 1.084866,
          "hash": "DTZKMDVIJEYZ",
          "degree_user_thr": 0.13894954943731375,
          "degree_item_thr": 0.0007196856730011522
}