{
          "PREC@1": 0.763521,
          "RECALL@1": 0.088596,
          "NDCG@1": 0.763521,
          "MAP@1": 0.763521,
          "MAP": 0.800211,
          "MRR@1": 0.763521,
          "PREC@2": 0.748674,
          "RECALL@2": 0.169421,
          "NDCG@2": 0.913043,
          "MAP@2": 0.838282,
          "MRR@2": 0.838282,
          "PREC@3": 0.735596,
          "RECALL@3": 0.238954,
          "NDCG@3": 0.8937,
          "MAP@3": 0.837929,
          "MRR@3": 0.848533,
          "PREC@4": 0.724814,
          "RECALL@4": 0.306202,
          "NDCG@4": 0.883895,
          "MAP@4": 0.830417,
          "MRR@4": 0.85357,
          "PREC@5": 0.702015,
          "RECALL@5": 0.358634,
          "NDCG@5": 0.875067,
          "MAP@5": 0.82291,
          "MRR@5": 0.854419,
          "PREC@6": 0.685224,
          "RECALL@6": 0.404026,
          "NDCG@6": 0.870589,
          "MAP@6": 0.816559,
          "MRR@6": 0.854772,
          "PREC@7": 0.665202,
          "RECALL@7": 0.443358,
          "NDCG@7": 0.86897,
          "MAP@7": 0.812254,
          "MRR@7": 0.855226,
          "PREC@8": 0.647269,
          "RECALL@8": 0.476897,
          "NDCG@8": 0.867015,
          "MAP@8": 0.806754,
          "MRR@8": 0.855226,
          "PREC@9": 0.626252,
          "RECALL@9": 0.503457,
          "NDCG@9": 0.866704,
          "MAP@9": 0.803586,
          "MRR@9": 0.855344,
          "PREC@10": 0.608908,
          "RECALL@10": 0.52789,
          "NDCG@10": 0.866048,
          "MAP@10": 0.800211,
          "MRR@10": 0.855344,
          "MAE": 0.797022,
          "RMSE": 1.03259,
          "hash": "EWCZIJEJUSLI",
          "degree_user_thr": 0.005179474679231209,
          "degree_item_thr": 0.0013894954943731374
}