{
          "PREC@1": 0.783951,
          "RECALL@1": 0.052686,
          "NDCG@1": 0.783951,
          "MAP@1": 0.783951,
          "MAP": 0.828155,
          "MRR@1": 0.783951,
          "PREC@2": 0.780864,
          "RECALL@2": 0.110468,
          "NDCG@2": 0.944444,
          "MAP@2": 0.864198,
          "MRR@2": 0.864198,
          "PREC@3": 0.788066,
          "RECALL@3": 0.171558,
          "NDCG@3": 0.91332,
          "MAP@3": 0.862654,
          "MRR@3": 0.872428,
          "PREC@4": 0.79321,
          "RECALL@4": 0.225586,
          "NDCG@4": 0.909485,
          "MAP@4": 0.860254,
          "MRR@4": 0.878601,
          "PREC@5": 0.777778,
          "RECALL@5": 0.272289,
          "NDCG@5": 0.904538,
          "MAP@5": 0.857879,
          "MRR@5": 0.878601,
          "PREC@6": 0.759259,
          "RECALL@6": 0.313715,
          "NDCG@6": 0.902124,
          "MAP@6": 0.854366,
          "MRR@6": 0.878601,
          "PREC@7": 0.749559,
          "RECALL@7": 0.35616,
          "NDCG@7": 0.90023,
          "MAP@7": 0.846964,
          "MRR@7": 0.879483,
          "PREC@8": 0.736883,
          "RECALL@8": 0.396474,
          "NDCG@8": 0.899448,
          "MAP@8": 0.842481,
          "MRR@8": 0.879483,
          "PREC@9": 0.730453,
          "RECALL@9": 0.438915,
          "NDCG@9": 0.898628,
          "MAP@9": 0.837157,
          "MRR@9": 0.879483,
          "PREC@10": 0.724691,
          "RECALL@10": 0.480349,
          "NDCG@10": 0.894834,
          "MAP@10": 0.828155,
          "MRR@10": 0.879483,
          "MAE": 0.797477,
          "RMSE": 1.038258,
          "hash": "EZCKJFFUZLHZ",
          "degree_user_thr": 0.07196856730011514,
          "degree_item_thr": 0.07196856730011514
}