{
          "PREC@1": 0.818828,
          "RECALL@1": 0.04819,
          "NDCG@1": 0.818828,
          "MAP@1": 0.818828,
          "MAP": 0.828175,
          "MRR@1": 0.818828,
          "PREC@2": 0.798401,
          "RECALL@2": 0.092128,
          "NDCG@2": 0.946714,
          "MAP@2": 0.882771,
          "MRR@2": 0.882771,
          "PREC@3": 0.786264,
          "RECALL@3": 0.133413,
          "NDCG@3": 0.926105,
          "MAP@3": 0.882771,
          "MRR@3": 0.892836,
          "PREC@4": 0.775755,
          "RECALL@4": 0.173913,
          "NDCG@4": 0.913567,
          "MAP@4": 0.873742,
          "MRR@4": 0.895056,
          "PREC@5": 0.768384,
          "RECALL@5": 0.214189,
          "NDCG@5": 0.904462,
          "MAP@5": 0.863107,
          "MRR@5": 0.896122,
          "PREC@6": 0.757845,
          "RECALL@6": 0.251645,
          "NDCG@6": 0.899112,
          "MAP@6": 0.854204,
          "MRR@6": 0.896714,
          "PREC@7": 0.752601,
          "RECALL@7": 0.289966,
          "NDCG@7": 0.895867,
          "MAP@7": 0.846414,
          "MRR@7": 0.896714,
          "PREC@8": 0.742895,
          "RECALL@8": 0.324486,
          "NDCG@8": 0.893083,
          "MAP@8": 0.83945,
          "MRR@8": 0.896714,
          "PREC@9": 0.737123,
          "RECALL@9": 0.359031,
          "NDCG@9": 0.892302,
          "MAP@9": 0.834272,
          "MRR@9": 0.896714,
          "PREC@10": 0.728774,
          "RECALL@10": 0.390544,
          "NDCG@10": 0.890258,
          "MAP@10": 0.828175,
          "MRR@10": 0.896714,
          "MAE": 0.773306,
          "RMSE": 0.992337,
          "hash": "FPSJAPLNWTSY",
          "degree_user_thr": 0.019306977288832496,
          "degree_item_thr": 0.005179474679231209
}