{
          "PREC@1": 0.814485,
          "RECALL@1": 0.073453,
          "NDCG@1": 0.814485,
          "MAP@1": 0.814485,
          "MAP": 0.821776,
          "MRR@1": 0.814485,
          "PREC@2": 0.783355,
          "RECALL@2": 0.137108,
          "NDCG@2": 0.936468,
          "MAP@2": 0.875476,
          "MRR@2": 0.875476,
          "PREC@3": 0.77213,
          "RECALL@3": 0.201997,
          "NDCG@3": 0.918154,
          "MAP@3": 0.872406,
          "MRR@3": 0.886489,
          "PREC@4": 0.757306,
          "RECALL@4": 0.258637,
          "NDCG@4": 0.902368,
          "MAP@4": 0.861499,
          "MRR@4": 0.888395,
          "PREC@5": 0.740788,
          "RECALL@5": 0.312215,
          "NDCG@5": 0.898325,
          "MAP@5": 0.854472,
          "MRR@5": 0.88992,
          "PREC@6": 0.723846,
          "RECALL@6": 0.356606,
          "NDCG@6": 0.89253,
          "MAP@6": 0.845513,
          "MRR@6": 0.890343,
          "PREC@7": 0.709022,
          "RECALL@7": 0.397849,
          "NDCG@7": 0.891263,
          "MAP@7": 0.839265,
          "MRR@7": 0.890888,
          "PREC@8": 0.69425,
          "RECALL@8": 0.434976,
          "NDCG@8": 0.888543,
          "MAP@8": 0.832581,
          "MRR@8": 0.890888,
          "PREC@9": 0.677961,
          "RECALL@9": 0.467045,
          "NDCG@9": 0.885976,
          "MAP@9": 0.825872,
          "MRR@9": 0.890888,
          "PREC@10": 0.663532,
          "RECALL@10": 0.496791,
          "NDCG@10": 0.885359,
          "MAP@10": 0.821776,
          "MRR@10": 0.890888,
          "MAE": 0.782427,
          "RMSE": 1.009204,
          "hash": "GFTIGIAAFOOY",
          "degree_user_thr": 0.01,
          "degree_item_thr": 0.005179474679231209
}