{
          "PREC@1": 0.781888,
          "RECALL@1": 0.146152,
          "NDCG@1": 0.781888,
          "MAP@1": 0.781888,
          "MAP": 0.817154,
          "MRR@1": 0.781888,
          "PREC@2": 0.767219,
          "RECALL@2": 0.273082,
          "NDCG@2": 0.915816,
          "MAP@2": 0.848852,
          "MRR@2": 0.848852,
          "PREC@3": 0.734269,
          "RECALL@3": 0.370299,
          "NDCG@3": 0.908419,
          "MAP@3": 0.855442,
          "MRR@3": 0.861607,
          "PREC@4": 0.695791,
          "RECALL@4": 0.44563,
          "NDCG@4": 0.899801,
          "MAP@4": 0.849773,
          "MRR@4": 0.86352,
          "PREC@5": 0.667602,
          "RECALL@5": 0.510324,
          "NDCG@5": 0.890503,
          "MAP@5": 0.840453,
          "MRR@5": 0.863776,
          "PREC@6": 0.640519,
          "RECALL@6": 0.562751,
          "NDCG@6": 0.886383,
          "MAP@6": 0.833728,
          "MRR@6": 0.863776,
          "PREC@7": 0.610969,
          "RECALL@7": 0.603897,
          "NDCG@7": 0.884248,
          "MAP@7": 0.828292,
          "MRR@7": 0.863776,
          "PREC@8": 0.584662,
          "RECALL@8": 0.638838,
          "NDCG@8": 0.882774,
          "MAP@8": 0.823448,
          "MRR@8": 0.863776,
          "PREC@9": 0.560799,
          "RECALL@9": 0.669481,
          "NDCG@9": 0.881286,
          "MAP@9": 0.819809,
          "MRR@9": 0.863776,
          "PREC@10": 0.538776,
          "RECALL@10": 0.695662,
          "NDCG@10": 0.880686,
          "MAP@10": 0.817154,
          "MRR@10": 0.863776,
          "MAE": 0.807103,
          "RMSE": 1.07122,
          "hash": "GHEFVLUDJPJP",
          "degree_user_thr": 0.01,
          "degree_item_thr": 0.07196856730011514
}