{
          "PREC@1": 0.851852,
          "RECALL@1": 0.018555,
          "NDCG@1": 0.851852,
          "MAP@1": 0.851852,
          "MAP": 0.805937,
          "MRR@1": 0.851852,
          "PREC@2": 0.759259,
          "RECALL@2": 0.032064,
          "NDCG@2": 0.888889,
          "MAP@2": 0.87037,
          "MRR@2": 0.87037,
          "PREC@3": 0.765432,
          "RECALL@3": 0.048051,
          "NDCG@3": 0.901451,
          "MAP@3": 0.873457,
          "MRR@3": 0.895062,
          "PREC@4": 0.75,
          "RECALL@4": 0.061724,
          "NDCG@4": 0.89046,
          "MAP@4": 0.87037,
          "MRR@4": 0.895062,
          "PREC@5": 0.755556,
          "RECALL@5": 0.077759,
          "NDCG@5": 0.865234,
          "MAP@5": 0.837912,
          "MRR@5": 0.895062,
          "PREC@6": 0.753086,
          "RECALL@6": 0.092259,
          "NDCG@6": 0.863156,
          "MAP@6": 0.830041,
          "MRR@6": 0.895062,
          "PREC@7": 0.719577,
          "RECALL@7": 0.10213,
          "NDCG@7": 0.862689,
          "MAP@7": 0.8267,
          "MRR@7": 0.895062,
          "PREC@8": 0.722222,
          "RECALL@8": 0.117174,
          "NDCG@8": 0.860051,
          "MAP@8": 0.816108,
          "MRR@8": 0.895062,
          "PREC@9": 0.73251,
          "RECALL@9": 0.134587,
          "NDCG@9": 0.859311,
          "MAP@9": 0.809773,
          "MRR@9": 0.895062,
          "PREC@10": 0.733333,
          "RECALL@10": 0.14922,
          "NDCG@10": 0.859272,
          "MAP@10": 0.805937,
          "MRR@10": 0.895062,
          "MAE": 0.777035,
          "RMSE": 0.970592,
          "hash": "GSAPIZLKUILC",
          "degree_user_thr": 0.13894954943731375,
          "degree_item_thr": 0.019306977288832496
}