{
          "PREC@1": 0.794155,
          "RECALL@1": 0.076973,
          "NDCG@1": 0.794155,
          "MAP@1": 0.794155,
          "MAP": 0.819038,
          "MRR@1": 0.794155,
          "PREC@2": 0.778272,
          "RECALL@2": 0.144414,
          "NDCG@2": 0.928844,
          "MAP@2": 0.861499,
          "MRR@2": 0.861499,
          "PREC@3": 0.766624,
          "RECALL@3": 0.207044,
          "NDCG@3": 0.915045,
          "MAP@3": 0.864464,
          "MRR@3": 0.873782,
          "PREC@4": 0.750635,
          "RECALL@4": 0.265567,
          "NDCG@4": 0.899578,
          "MAP@4": 0.856134,
          "MRR@4": 0.877594,
          "PREC@5": 0.741042,
          "RECALL@5": 0.319743,
          "NDCG@5": 0.893465,
          "MAP@5": 0.84718,
          "MRR@5": 0.878865,
          "PREC@6": 0.721516,
          "RECALL@6": 0.364057,
          "NDCG@6": 0.888647,
          "MAP@6": 0.840298,
          "MRR@6": 0.879288,
          "PREC@7": 0.709929,
          "RECALL@7": 0.408336,
          "NDCG@7": 0.885061,
          "MAP@7": 0.833363,
          "MRR@7": 0.879288,
          "PREC@8": 0.692344,
          "RECALL@8": 0.444344,
          "NDCG@8": 0.883206,
          "MAP@8": 0.82804,
          "MRR@8": 0.879288,
          "PREC@9": 0.67782,
          "RECALL@9": 0.478094,
          "NDCG@9": 0.882158,
          "MAP@9": 0.823057,
          "MRR@9": 0.879288,
          "PREC@10": 0.662262,
          "RECALL@10": 0.507616,
          "NDCG@10": 0.881549,
          "MAP@10": 0.819038,
          "MRR@10": 0.879288,
          "MAE": 0.785878,
          "RMSE": 1.013065,
          "hash": "HBWLYONDRWSZ",
          "degree_user_thr": 0.01,
          "degree_item_thr": 0.01
}