{
          "PREC@1": 0.759259,
          "RECALL@1": 0.018473,
          "NDCG@1": 0.759259,
          "MAP@1": 0.759259,
          "MAP": 0.814624,
          "MRR@1": 0.759259,
          "PREC@2": 0.765432,
          "RECALL@2": 0.03697,
          "NDCG@2": 0.895062,
          "MAP@2": 0.82716,
          "MRR@2": 0.82716,
          "PREC@3": 0.771605,
          "RECALL@3": 0.056247,
          "NDCG@3": 0.892523,
          "MAP@3": 0.83642,
          "MRR@3": 0.845679,
          "PREC@4": 0.773148,
          "RECALL@4": 0.074818,
          "NDCG@4": 0.884627,
          "MAP@4": 0.836248,
          "MRR@4": 0.848765,
          "PREC@5": 0.766667,
          "RECALL@5": 0.09187,
          "NDCG@5": 0.883138,
          "MAP@5": 0.834842,
          "MRR@5": 0.851235,
          "PREC@6": 0.768519,
          "RECALL@6": 0.11075,
          "NDCG@6": 0.878919,
          "MAP@6": 0.82888,
          "MRR@6": 0.852263,
          "PREC@7": 0.763668,
          "RECALL@7": 0.128154,
          "NDCG@7": 0.87732,
          "MAP@7": 0.825849,
          "MRR@7": 0.852263,
          "PREC@8": 0.756944,
          "RECALL@8": 0.146002,
          "NDCG@8": 0.877374,
          "MAP@8": 0.82139,
          "MRR@8": 0.853035,
          "PREC@9": 0.757202,
          "RECALL@9": 0.163659,
          "NDCG@9": 0.876725,
          "MAP@9": 0.816997,
          "MRR@9": 0.853035,
          "PREC@10": 0.754321,
          "RECALL@10": 0.180861,
          "NDCG@10": 0.876646,
          "MAP@10": 0.814624,
          "MRR@10": 0.853035,
          "MAE": 0.764287,
          "RMSE": 0.97888,
          "hash": "HGJSDLHNVVPO",
          "degree_user_thr": 0.07196856730011514,
          "degree_item_thr": 0.0007196856730011522
}