{
          "PREC@1": 0.788632,
          "RECALL@1": 0.058794,
          "NDCG@1": 0.788632,
          "MAP@1": 0.788632,
          "MAP": 0.816716,
          "MRR@1": 0.788632,
          "PREC@2": 0.772647,
          "RECALL@2": 0.113925,
          "NDCG@2": 0.923623,
          "MAP@2": 0.856128,
          "MRR@2": 0.856128,
          "PREC@3": 0.773239,
          "RECALL@3": 0.170766,
          "NDCG@3": 0.914221,
          "MAP@3": 0.858496,
          "MRR@3": 0.872114,
          "PREC@4": 0.760213,
          "RECALL@4": 0.221366,
          "NDCG@4": 0.899706,
          "MAP@4": 0.850947,
          "MRR@4": 0.874334,
          "PREC@5": 0.756306,
          "RECALL@5": 0.273438,
          "NDCG@5": 0.89162,
          "MAP@5": 0.843781,
          "MRR@5": 0.875755,
          "PREC@6": 0.751628,
          "RECALL@6": 0.323561,
          "NDCG@6": 0.887304,
          "MAP@6": 0.837256,
          "MRR@6": 0.876347,
          "PREC@7": 0.742959,
          "RECALL@7": 0.367491,
          "NDCG@7": 0.885279,
          "MAP@7": 0.831628,
          "MRR@7": 0.876347,
          "PREC@8": 0.734014,
          "RECALL@8": 0.410304,
          "NDCG@8": 0.883224,
          "MAP@8": 0.825319,
          "MRR@8": 0.876569,
          "PREC@9": 0.725084,
          "RECALL@9": 0.452457,
          "NDCG@9": 0.881705,
          "MAP@9": 0.820245,
          "MRR@9": 0.876569,
          "PREC@10": 0.711012,
          "RECALL@10": 0.486428,
          "NDCG@10": 0.881374,
          "MAP@10": 0.816716,
          "MRR@10": 0.876569,
          "MAE": 0.77964,
          "RMSE": 1.008401,
          "hash": "HUSNLIGLQJYX",
          "degree_user_thr": 0.019306977288832496,
          "degree_item_thr": 0.03727593720314938
}