{
          "PREC@1": 0.795737,
          "RECALL@1": 0.047131,
          "NDCG@1": 0.795737,
          "MAP@1": 0.795737,
          "MAP": 0.826518,
          "MRR@1": 0.795737,
          "PREC@2": 0.802842,
          "RECALL@2": 0.093812,
          "NDCG@2": 0.955595,
          "MAP@2": 0.875666,
          "MRR@2": 0.875666,
          "PREC@3": 0.788632,
          "RECALL@3": 0.135622,
          "NDCG@3": 0.934711,
          "MAP@3": 0.878478,
          "MRR@3": 0.884547,
          "PREC@4": 0.776643,
          "RECALL@4": 0.17756,
          "NDCG@4": 0.919215,
          "MAP@4": 0.870634,
          "MRR@4": 0.887655,
          "PREC@5": 0.766252,
          "RECALL@5": 0.216289,
          "NDCG@5": 0.906682,
          "MAP@5": 0.859416,
          "MRR@5": 0.887655,
          "PREC@6": 0.758141,
          "RECALL@6": 0.25468,
          "NDCG@6": 0.901868,
          "MAP@6": 0.850602,
          "MRR@6": 0.887951,
          "PREC@7": 0.750571,
          "RECALL@7": 0.292524,
          "NDCG@7": 0.898283,
          "MAP@7": 0.842729,
          "MRR@7": 0.887951,
          "PREC@8": 0.742451,
          "RECALL@8": 0.327544,
          "NDCG@8": 0.896347,
          "MAP@8": 0.837095,
          "MRR@8": 0.887951,
          "PREC@9": 0.734754,
          "RECALL@9": 0.36243,
          "NDCG@9": 0.895662,
          "MAP@9": 0.83162,
          "MRR@9": 0.888149,
          "PREC@10": 0.726288,
          "RECALL@10": 0.395021,
          "NDCG@10": 0.894603,
          "MAP@10": 0.826518,
          "MRR@10": 0.888149,
          "MAE": 0.77564,
          "RMSE": 0.994842,
          "hash": "IHPZAFODCWIQ",
          "degree_user_thr": 0.019306977288832496,
          "degree_item_thr": 0.01
}