{
          "PREC@1": 0.851852,
          "RECALL@1": 0.047154,
          "NDCG@1": 0.851852,
          "MAP@1": 0.851852,
          "MAP": 0.776141,
          "MRR@1": 0.851852,
          "PREC@2": 0.740741,
          "RECALL@2": 0.07972,
          "NDCG@2": 0.851852,
          "MAP@2": 0.851852,
          "MRR@2": 0.851852,
          "PREC@3": 0.716049,
          "RECALL@3": 0.116378,
          "NDCG@3": 0.878083,
          "MAP@3": 0.858025,
          "MRR@3": 0.876543,
          "PREC@4": 0.694444,
          "RECALL@4": 0.147883,
          "NDCG@4": 0.843582,
          "MAP@4": 0.824074,
          "MRR@4": 0.876543,
          "PREC@5": 0.696296,
          "RECALL@5": 0.183702,
          "NDCG@5": 0.835911,
          "MAP@5": 0.814249,
          "MRR@5": 0.876543,
          "PREC@6": 0.709877,
          "RECALL@6": 0.22654,
          "NDCG@6": 0.847098,
          "MAP@6": 0.809321,
          "MRR@6": 0.882716,
          "PREC@7": 0.703704,
          "RECALL@7": 0.262254,
          "NDCG@7": 0.847442,
          "MAP@7": 0.809549,
          "MRR@7": 0.882716,
          "PREC@8": 0.699074,
          "RECALL@8": 0.293666,
          "NDCG@8": 0.846748,
          "MAP@8": 0.803695,
          "MRR@8": 0.882716,
          "PREC@9": 0.679012,
          "RECALL@9": 0.318131,
          "NDCG@9": 0.841089,
          "MAP@9": 0.789926,
          "MRR@9": 0.882716,
          "PREC@10": 0.674074,
          "RECALL@10": 0.349745,
          "NDCG@10": 0.836475,
          "MAP@10": 0.776141,
          "MRR@10": 0.882716,
          "MAE": 0.777567,
          "RMSE": 0.988632,
          "hash": "ITNNQTZCCPNL",
          "degree_user_thr": 0.13894954943731375,
          "degree_item_thr": 0.07196856730011514
}