{
          "PREC@1": 0.821138,
          "RECALL@1": 0.042678,
          "NDCG@1": 0.821138,
          "MAP@1": 0.821138,
          "MAP": 0.825686,
          "MRR@1": 0.821138,
          "PREC@2": 0.807588,
          "RECALL@2": 0.083269,
          "NDCG@2": 0.945799,
          "MAP@2": 0.883469,
          "MRR@2": 0.883469,
          "PREC@3": 0.782294,
          "RECALL@3": 0.120738,
          "NDCG@3": 0.928182,
          "MAP@3": 0.884146,
          "MRR@3": 0.891599,
          "PREC@4": 0.775745,
          "RECALL@4": 0.162252,
          "NDCG@4": 0.91822,
          "MAP@4": 0.874586,
          "MRR@4": 0.897019,
          "PREC@5": 0.774526,
          "RECALL@5": 0.201082,
          "NDCG@5": 0.906936,
          "MAP@5": 0.86314,
          "MRR@5": 0.898103,
          "PREC@6": 0.761969,
          "RECALL@6": 0.235803,
          "NDCG@6": 0.900566,
          "MAP@6": 0.854398,
          "MRR@6": 0.898555,
          "PREC@7": 0.751839,
          "RECALL@7": 0.271214,
          "NDCG@7": 0.896372,
          "MAP@7": 0.845008,
          "MRR@7": 0.898555,
          "PREC@8": 0.746274,
          "RECALL@8": 0.304934,
          "NDCG@8": 0.893408,
          "MAP@8": 0.83721,
          "MRR@8": 0.898555,
          "PREC@9": 0.739536,
          "RECALL@9": 0.33878,
          "NDCG@9": 0.891531,
          "MAP@9": 0.830199,
          "MRR@9": 0.898555,
          "PREC@10": 0.730623,
          "RECALL@10": 0.369777,
          "NDCG@10": 0.890872,
          "MAP@10": 0.825686,
          "MRR@10": 0.898555,
          "MAE": 0.77574,
          "RMSE": 0.999303,
          "hash": "JCCFLEIFVNMR",
          "degree_user_thr": 0.03727593720314938,
          "degree_item_thr": 0.03727593720314938
}