{
          "PREC@1": 0.806394,
          "RECALL@1": 0.044196,
          "NDCG@1": 0.806394,
          "MAP@1": 0.806394,
          "MAP": 0.823179,
          "MRR@1": 0.806394,
          "PREC@2": 0.793961,
          "RECALL@2": 0.086906,
          "NDCG@2": 0.946714,
          "MAP@2": 0.876554,
          "MRR@2": 0.876554,
          "PREC@3": 0.78804,
          "RECALL@3": 0.128586,
          "NDCG@3": 0.924519,
          "MAP@3": 0.875074,
          "MRR@3": 0.885435,
          "PREC@4": 0.773979,
          "RECALL@4": 0.168287,
          "NDCG@4": 0.907894,
          "MAP@4": 0.865749,
          "MRR@4": 0.888099,
          "PREC@5": 0.767673,
          "RECALL@5": 0.207829,
          "NDCG@5": 0.90188,
          "MAP@5": 0.856409,
          "MRR@5": 0.889876,
          "PREC@6": 0.756069,
          "RECALL@6": 0.243397,
          "NDCG@6": 0.897188,
          "MAP@6": 0.848865,
          "MRR@6": 0.890172,
          "PREC@7": 0.74981,
          "RECALL@7": 0.279597,
          "NDCG@7": 0.893935,
          "MAP@7": 0.841506,
          "MRR@7": 0.890172,
          "PREC@8": 0.745337,
          "RECALL@8": 0.315597,
          "NDCG@8": 0.890693,
          "MAP@8": 0.833753,
          "MRR@8": 0.890172,
          "PREC@9": 0.735741,
          "RECALL@9": 0.348229,
          "NDCG@9": 0.88998,
          "MAP@9": 0.828423,
          "MRR@9": 0.890369,
          "PREC@10": 0.728242,
          "RECALL@10": 0.379924,
          "NDCG@10": 0.888989,
          "MAP@10": 0.823179,
          "MRR@10": 0.890369,
          "MAE": 0.771947,
          "RMSE": 0.991443,
          "hash": "JEAFPZCEIDPU",
          "degree_user_thr": 0.019306977288832496,
          "degree_item_thr": 0.002682695795279725
}