{
          "PREC@1": 0.808171,
          "RECALL@1": 0.05098,
          "NDCG@1": 0.808171,
          "MAP@1": 0.808171,
          "MAP": 0.824007,
          "MRR@1": 0.808171,
          "PREC@2": 0.801954,
          "RECALL@2": 0.09971,
          "NDCG@2": 0.932504,
          "MAP@2": 0.870337,
          "MRR@2": 0.870337,
          "PREC@3": 0.788632,
          "RECALL@3": 0.147095,
          "NDCG@3": 0.920502,
          "MAP@3": 0.873742,
          "MRR@3": 0.882179,
          "PREC@4": 0.775311,
          "RECALL@4": 0.192071,
          "NDCG@4": 0.912779,
          "MAP@4": 0.869055,
          "MRR@4": 0.887951,
          "PREC@5": 0.766607,
          "RECALL@5": 0.234992,
          "NDCG@5": 0.903421,
          "MAP@5": 0.858356,
          "MRR@5": 0.887951,
          "PREC@6": 0.757845,
          "RECALL@6": 0.276645,
          "NDCG@6": 0.899606,
          "MAP@6": 0.850386,
          "MRR@6": 0.888544,
          "PREC@7": 0.747526,
          "RECALL@7": 0.316277,
          "NDCG@7": 0.895182,
          "MAP@7": 0.843125,
          "MRR@7": 0.888544,
          "PREC@8": 0.736901,
          "RECALL@8": 0.35236,
          "NDCG@8": 0.892121,
          "MAP@8": 0.835525,
          "MRR@8": 0.888544,
          "PREC@9": 0.731597,
          "RECALL@9": 0.389497,
          "NDCG@9": 0.889783,
          "MAP@9": 0.828448,
          "MRR@9": 0.888544,
          "PREC@10": 0.722202,
          "RECALL@10": 0.422712,
          "NDCG@10": 0.889173,
          "MAP@10": 0.824007,
          "MRR@10": 0.888721,
          "MAE": 0.771377,
          "RMSE": 0.993338,
          "hash": "JNOXDILUOABL",
          "degree_user_thr": 0.019306977288832496,
          "degree_item_thr": 0.019306977288832496
}