{
          "PREC@1": 0.817052,
          "RECALL@1": 0.046183,
          "NDCG@1": 0.817052,
          "MAP@1": 0.817052,
          "MAP": 0.822811,
          "MRR@1": 0.817052,
          "PREC@2": 0.79929,
          "RECALL@2": 0.088005,
          "NDCG@2": 0.941385,
          "MAP@2": 0.879218,
          "MRR@2": 0.879218,
          "PREC@3": 0.788632,
          "RECALL@3": 0.128871,
          "NDCG@3": 0.932226,
          "MAP@3": 0.884843,
          "MRR@3": 0.893428,
          "PREC@4": 0.772647,
          "RECALL@4": 0.166307,
          "NDCG@4": 0.914575,
          "MAP@4": 0.873841,
          "MRR@4": 0.895204,
          "PREC@5": 0.767318,
          "RECALL@5": 0.206414,
          "NDCG@5": 0.904438,
          "MAP@5": 0.862014,
          "MRR@5": 0.895915,
          "PREC@6": 0.754292,
          "RECALL@6": 0.241748,
          "NDCG@6": 0.89967,
          "MAP@6": 0.853917,
          "MRR@6": 0.895915,
          "PREC@7": 0.744989,
          "RECALL@7": 0.276899,
          "NDCG@7": 0.895533,
          "MAP@7": 0.844529,
          "MRR@7": 0.895915,
          "PREC@8": 0.738455,
          "RECALL@8": 0.311969,
          "NDCG@8": 0.893515,
          "MAP@8": 0.837381,
          "MRR@8": 0.896359,
          "PREC@9": 0.733965,
          "RECALL@9": 0.347131,
          "NDCG@9": 0.891078,
          "MAP@9": 0.829107,
          "MRR@9": 0.896359,
          "PREC@10": 0.726821,
          "RECALL@10": 0.379361,
          "NDCG@10": 0.888967,
          "MAP@10": 0.822811,
          "MRR@10": 0.896359,
          "MAE": 0.777528,
          "RMSE": 0.998299,
          "hash": "JQHYUEFUFOSD",
          "degree_user_thr": 0.019306977288832496,
          "degree_item_thr": 0.0007196856730011522
}