{
          "PREC@1": 0.795737,
          "RECALL@1": 0.044104,
          "NDCG@1": 0.795737,
          "MAP@1": 0.795737,
          "MAP": 0.819264,
          "MRR@1": 0.795737,
          "PREC@2": 0.795737,
          "RECALL@2": 0.089082,
          "NDCG@2": 0.946714,
          "MAP@2": 0.871226,
          "MRR@2": 0.871226,
          "PREC@3": 0.78804,
          "RECALL@3": 0.131368,
          "NDCG@3": 0.925777,
          "MAP@3": 0.87315,
          "MRR@3": 0.881291,
          "PREC@4": 0.77087,
          "RECALL@4": 0.168711,
          "NDCG@4": 0.913604,
          "MAP@4": 0.866686,
          "MRR@4": 0.883955,
          "PREC@5": 0.765187,
          "RECALL@5": 0.20816,
          "NDCG@5": 0.903091,
          "MAP@5": 0.855778,
          "MRR@5": 0.884665,
          "PREC@6": 0.755477,
          "RECALL@6": 0.24453,
          "NDCG@6": 0.898254,
          "MAP@6": 0.847129,
          "MRR@6": 0.885258,
          "PREC@7": 0.745242,
          "RECALL@7": 0.28003,
          "NDCG@7": 0.893296,
          "MAP@7": 0.839048,
          "MRR@7": 0.885258,
          "PREC@8": 0.739343,
          "RECALL@8": 0.315187,
          "NDCG@8": 0.891784,
          "MAP@8": 0.832218,
          "MRR@8": 0.88548,
          "PREC@9": 0.732386,
          "RECALL@9": 0.34915,
          "NDCG@9": 0.889427,
          "MAP@9": 0.825197,
          "MRR@9": 0.88548,
          "PREC@10": 0.725755,
          "RECALL@10": 0.38179,
          "NDCG@10": 0.88784,
          "MAP@10": 0.819264,
          "MRR@10": 0.88548,
          "MAE": 0.775352,
          "RMSE": 0.998577,
          "hash": "JXDQGXDUVAKU",
          "degree_user_thr": 0.019306977288832496,
          "degree_item_thr": 0.000372759372031494
}