{
          "PREC@1": 0.808642,
          "RECALL@1": 0.021284,
          "NDCG@1": 0.808642,
          "MAP@1": 0.808642,
          "MAP": 0.832405,
          "MRR@1": 0.808642,
          "PREC@2": 0.817901,
          "RECALL@2": 0.044702,
          "NDCG@2": 0.969136,
          "MAP@2": 0.888889,
          "MRR@2": 0.888889,
          "PREC@3": 0.8107,
          "RECALL@3": 0.065306,
          "NDCG@3": 0.940474,
          "MAP@3": 0.881687,
          "MRR@3": 0.893004,
          "PREC@4": 0.799383,
          "RECALL@4": 0.085759,
          "NDCG@4": 0.931278,
          "MAP@4": 0.879287,
          "MRR@4": 0.896091,
          "PREC@5": 0.787654,
          "RECALL@5": 0.105015,
          "NDCG@5": 0.918975,
          "MAP@5": 0.869762,
          "MRR@5": 0.896091,
          "PREC@6": 0.777778,
          "RECALL@6": 0.123817,
          "NDCG@6": 0.912468,
          "MAP@6": 0.862418,
          "MRR@6": 0.896091,
          "PREC@7": 0.767196,
          "RECALL@7": 0.141962,
          "NDCG@7": 0.910363,
          "MAP@7": 0.856636,
          "MRR@7": 0.896091,
          "PREC@8": 0.756173,
          "RECALL@8": 0.158271,
          "NDCG@8": 0.904051,
          "MAP@8": 0.84694,
          "MRR@8": 0.896091,
          "PREC@9": 0.759259,
          "RECALL@9": 0.178135,
          "NDCG@9": 0.900945,
          "MAP@9": 0.838212,
          "MRR@9": 0.896091,
          "PREC@10": 0.754938,
          "RECALL@10": 0.196242,
          "NDCG@10": 0.899441,
          "MAP@10": 0.832405,
          "MRR@10": 0.896091,
          "MAE": 0.761394,
          "RMSE": 0.965073,
          "hash": "JZSVDQRXFGSH",
          "degree_user_thr": 0.07196856730011514,
          "degree_item_thr": 0.01
}