{
          "PREC@1": 0.818428,
          "RECALL@1": 0.031122,
          "NDCG@1": 0.818428,
          "MAP@1": 0.818428,
          "MAP": 0.825851,
          "MRR@1": 0.818428,
          "PREC@2": 0.789973,
          "RECALL@2": 0.058564,
          "NDCG@2": 0.940379,
          "MAP@2": 0.879404,
          "MRR@2": 0.879404,
          "PREC@3": 0.785005,
          "RECALL@3": 0.086532,
          "NDCG@3": 0.92531,
          "MAP@3": 0.879178,
          "MRR@3": 0.892051,
          "PREC@4": 0.773713,
          "RECALL@4": 0.113442,
          "NDCG@4": 0.910408,
          "MAP@4": 0.869467,
          "MRR@4": 0.894083,
          "PREC@5": 0.7729,
          "RECALL@5": 0.141809,
          "NDCG@5": 0.898175,
          "MAP@5": 0.857859,
          "MRR@5": 0.894625,
          "PREC@6": 0.774616,
          "RECALL@6": 0.170112,
          "NDCG@6": 0.891129,
          "MAP@6": 0.847067,
          "MRR@6": 0.894625,
          "PREC@7": 0.769648,
          "RECALL@7": 0.196484,
          "NDCG@7": 0.889306,
          "MAP@7": 0.842128,
          "MRR@7": 0.894625,
          "PREC@8": 0.765244,
          "RECALL@8": 0.222696,
          "NDCG@8": 0.887213,
          "MAP@8": 0.835596,
          "MRR@8": 0.894625,
          "PREC@9": 0.756399,
          "RECALL@9": 0.247036,
          "NDCG@9": 0.886398,
          "MAP@9": 0.830715,
          "MRR@9": 0.894625,
          "PREC@10": 0.749322,
          "RECALL@10": 0.270704,
          "NDCG@10": 0.885763,
          "MAP@10": 0.825851,
          "MRR@10": 0.894625,
          "MAE": 0.78707,
          "RMSE": 1.008913,
          "hash": "KDUASAKRHWPA",
          "degree_user_thr": 0.03727593720314938,
          "degree_item_thr": 0.000372759372031494
}