{
          "PREC@1": 0.7625,
          "RECALL@1": 0.279742,
          "NDCG@1": 0.7625,
          "MAP@1": 0.7625,
          "MAP": 0.81539,
          "MRR@1": 0.7625,
          "PREC@2": 0.728125,
          "RECALL@2": 0.520422,
          "NDCG@2": 0.89375,
          "MAP@2": 0.828125,
          "MRR@2": 0.828125,
          "PREC@3": 0.652083,
          "RECALL@3": 0.664226,
          "NDCG@3": 0.876263,
          "MAP@3": 0.828125,
          "MRR@3": 0.832292,
          "PREC@4": 0.560938,
          "RECALL@4": 0.726305,
          "NDCG@4": 0.871971,
          "MAP@4": 0.823264,
          "MRR@4": 0.832292,
          "PREC@5": 0.49625,
          "RECALL@5": 0.776151,
          "NDCG@5": 0.867722,
          "MAP@5": 0.818003,
          "MRR@5": 0.832292,
          "PREC@6": 0.43125,
          "RECALL@6": 0.799167,
          "NDCG@6": 0.869677,
          "MAP@6": 0.817998,
          "MRR@6": 0.833333,
          "PREC@7": 0.380357,
          "RECALL@7": 0.811565,
          "NDCG@7": 0.868865,
          "MAP@7": 0.816079,
          "MRR@7": 0.833333,
          "PREC@8": 0.336719,
          "RECALL@8": 0.815965,
          "NDCG@8": 0.868668,
          "MAP@8": 0.815552,
          "MRR@8": 0.833333,
          "PREC@9": 0.301389,
          "RECALL@9": 0.818333,
          "NDCG@9": 0.868613,
          "MAP@9": 0.81539,
          "MRR@9": 0.833333,
          "PREC@10": 0.27125,
          "RECALL@10": 0.818333,
          "NDCG@10": 0.868613,
          "MAP@10": 0.81539,
          "MRR@10": 0.833333,
          "MAE": 0.840602,
          "RMSE": 1.140111,
          "hash": "KGROJAVXLTQQ",
          "degree_user_thr": 0.07196856730011514,
          "degree_item_thr": 0.13894954943731375
}