{
          "PREC@1": 0.555556,
          "RECALL@1": 0.009753,
          "NDCG@1": 0.555556,
          "MAP@1": 0.555556,
          "MAP": 0.658081,
          "MRR@1": 0.555556,
          "PREC@2": 0.5,
          "RECALL@2": 0.019038,
          "NDCG@2": 0.666667,
          "MAP@2": 0.611111,
          "MRR@2": 0.611111,
          "PREC@3": 0.54321,
          "RECALL@3": 0.030142,
          "NDCG@3": 0.7727,
          "MAP@3": 0.66358,
          "MRR@3": 0.685185,
          "PREC@4": 0.574074,
          "RECALL@4": 0.0408,
          "NDCG@4": 0.751868,
          "MAP@4": 0.654321,
          "MRR@4": 0.694444,
          "PREC@5": 0.577778,
          "RECALL@5": 0.051166,
          "NDCG@5": 0.744746,
          "MAP@5": 0.651955,
          "MRR@5": 0.694444,
          "PREC@6": 0.611111,
          "RECALL@6": 0.065501,
          "NDCG@6": 0.754834,
          "MAP@6": 0.658776,
          "MRR@6": 0.700617,
          "PREC@7": 0.624339,
          "RECALL@7": 0.078307,
          "NDCG@7": 0.752027,
          "MAP@7": 0.661968,
          "MRR@7": 0.700617,
          "PREC@8": 0.625,
          "RECALL@8": 0.089303,
          "NDCG@8": 0.741694,
          "MAP@8": 0.657553,
          "MRR@8": 0.700617,
          "PREC@9": 0.625514,
          "RECALL@9": 0.101393,
          "NDCG@9": 0.745359,
          "MAP@9": 0.658668,
          "MRR@9": 0.700617,
          "PREC@10": 0.625926,
          "RECALL@10": 0.113526,
          "NDCG@10": 0.746512,
          "MAP@10": 0.658081,
          "MRR@10": 0.700617,
          "MAE": 0.807138,
          "RMSE": 1.039448,
          "hash": "KOJMLMYABPSP",
          "degree_user_thr": 0.13894954943731375,
          "degree_item_thr": 0.002682695795279725
}