{
          "PREC@1": 0.796696,
          "RECALL@1": 0.092642,
          "NDCG@1": 0.796696,
          "MAP@1": 0.796696,
          "MAP": 0.819103,
          "MRR@1": 0.796696,
          "PREC@2": 0.792249,
          "RECALL@2": 0.180958,
          "NDCG@2": 0.92122,
          "MAP@2": 0.858958,
          "MRR@2": 0.858958,
          "PREC@3": 0.761118,
          "RECALL@3": 0.251548,
          "NDCG@3": 0.914357,
          "MAP@3": 0.865311,
          "MRR@3": 0.870817,
          "PREC@4": 0.742694,
          "RECALL@4": 0.318141,
          "NDCG@4": 0.903019,
          "MAP@4": 0.85677,
          "MRR@4": 0.874312,
          "PREC@5": 0.72249,
          "RECALL@5": 0.37516,
          "NDCG@5": 0.894551,
          "MAP@5": 0.848807,
          "MRR@5": 0.875074,
          "PREC@6": 0.702668,
          "RECALL@6": 0.425284,
          "NDCG@6": 0.889154,
          "MAP@6": 0.840941,
          "MRR@6": 0.875286,
          "PREC@7": 0.685424,
          "RECALL@7": 0.469583,
          "NDCG@7": 0.886962,
          "MAP@7": 0.833907,
          "MRR@7": 0.875649,
          "PREC@8": 0.663278,
          "RECALL@8": 0.50585,
          "NDCG@8": 0.884815,
          "MAP@8": 0.828145,
          "MRR@8": 0.875649,
          "PREC@9": 0.64436,
          "RECALL@9": 0.537196,
          "NDCG@9": 0.883352,
          "MAP@9": 0.823086,
          "MRR@9": 0.875649,
          "PREC@10": 0.625794,
          "RECALL@10": 0.565916,
          "NDCG@10": 0.882288,
          "MAP@10": 0.819103,
          "MRR@10": 0.875649,
          "MAE": 0.791413,
          "RMSE": 1.030591,
          "hash": "KSNKVCHLUVSP",
          "degree_user_thr": 0.01,
          "degree_item_thr": 0.03727593720314938
}