{
          "PREC@1": 0.778393,
          "RECALL@1": 0.339198,
          "NDCG@1": 0.778393,
          "MAP@1": 0.778393,
          "MAP": 0.810734,
          "MRR@1": 0.778393,
          "PREC@2": 0.704986,
          "RECALL@2": 0.561944,
          "NDCG@2": 0.867036,
          "MAP@2": 0.822715,
          "MRR@2": 0.822715,
          "PREC@3": 0.612188,
          "RECALL@3": 0.686168,
          "NDCG@3": 0.858395,
          "MAP@3": 0.823407,
          "MRR@3": 0.827331,
          "PREC@4": 0.532548,
          "RECALL@4": 0.75693,
          "NDCG@4": 0.851054,
          "MAP@4": 0.818483,
          "MRR@4": 0.827331,
          "PREC@5": 0.45928,
          "RECALL@5": 0.791403,
          "NDCG@5": 0.84718,
          "MAP@5": 0.813989,
          "MRR@5": 0.827331,
          "PREC@6": 0.39843,
          "RECALL@6": 0.808906,
          "NDCG@6": 0.845712,
          "MAP@6": 0.8117,
          "MRR@6": 0.827331,
          "PREC@7": 0.347843,
          "RECALL@7": 0.816783,
          "NDCG@7": 0.845496,
          "MAP@7": 0.811046,
          "MRR@7": 0.827331,
          "PREC@8": 0.305748,
          "RECALL@8": 0.818595,
          "NDCG@8": 0.845406,
          "MAP@8": 0.810808,
          "MRR@8": 0.827331,
          "PREC@9": 0.272699,
          "RECALL@9": 0.819645,
          "NDCG@9": 0.845377,
          "MAP@9": 0.810695,
          "MRR@9": 0.827331,
          "PREC@10": 0.245706,
          "RECALL@10": 0.819952,
          "NDCG@10": 0.845395,
          "MAP@10": 0.810734,
          "MRR@10": 0.827331,
          "MAE": 0.830725,
          "RMSE": 1.122536,
          "hash": "KZFVJHRFDJBQ",
          "degree_user_thr": 0.03727593720314938,
          "degree_item_thr": 0.13894954943731375
}