{
          "PREC@1": 0.761518,
          "RECALL@1": 0.028224,
          "NDCG@1": 0.761518,
          "MAP@1": 0.761518,
          "MAP": 0.813336,
          "MRR@1": 0.761518,
          "PREC@2": 0.779133,
          "RECALL@2": 0.058695,
          "NDCG@2": 0.915989,
          "MAP@2": 0.838753,
          "MRR@2": 0.838753,
          "PREC@3": 0.775068,
          "RECALL@3": 0.086381,
          "NDCG@3": 0.90413,
          "MAP@3": 0.847561,
          "MRR@3": 0.852304,
          "PREC@4": 0.770325,
          "RECALL@4": 0.114486,
          "NDCG@4": 0.892768,
          "MAP@4": 0.84327,
          "MRR@4": 0.856369,
          "PREC@5": 0.766938,
          "RECALL@5": 0.141422,
          "NDCG@5": 0.888598,
          "MAP@5": 0.839043,
          "MRR@5": 0.857453,
          "PREC@6": 0.761066,
          "RECALL@6": 0.167981,
          "NDCG@6": 0.884946,
          "MAP@6": 0.83312,
          "MRR@6": 0.858356,
          "PREC@7": 0.755323,
          "RECALL@7": 0.19283,
          "NDCG@7": 0.883898,
          "MAP@7": 0.8279,
          "MRR@7": 0.85913,
          "PREC@8": 0.74187,
          "RECALL@8": 0.215528,
          "NDCG@8": 0.882626,
          "MAP@8": 0.823578,
          "MRR@8": 0.85913,
          "PREC@9": 0.736826,
          "RECALL@9": 0.239107,
          "NDCG@9": 0.880736,
          "MAP@9": 0.818118,
          "MRR@9": 0.85913,
          "PREC@10": 0.730623,
          "RECALL@10": 0.262422,
          "NDCG@10": 0.879603,
          "MAP@10": 0.813336,
          "MRR@10": 0.85913,
          "MAE": 0.776747,
          "RMSE": 0.994786,
          "hash": "MEGYUKLUNDDS",
          "degree_user_thr": 0.03727593720314938,
          "degree_item_thr": 0.0007196856730011522
}