{
          "PREC@1": 0.851852,
          "RECALL@1": 0.03306,
          "NDCG@1": 0.851852,
          "MAP@1": 0.851852,
          "MAP": 0.856751,
          "MRR@1": 0.851852,
          "PREC@2": 0.848765,
          "RECALL@2": 0.063679,
          "NDCG@2": 0.950617,
          "MAP@2": 0.901235,
          "MRR@2": 0.901235,
          "PREC@3": 0.82716,
          "RECALL@3": 0.090858,
          "NDCG@3": 0.938857,
          "MAP@3": 0.906379,
          "MRR@3": 0.909465,
          "PREC@4": 0.82716,
          "RECALL@4": 0.120583,
          "NDCG@4": 0.932773,
          "MAP@4": 0.898834,
          "MRR@4": 0.912551,
          "PREC@5": 0.808642,
          "RECALL@5": 0.146205,
          "NDCG@5": 0.926929,
          "MAP@5": 0.893613,
          "MRR@5": 0.912551,
          "PREC@6": 0.797325,
          "RECALL@6": 0.172224,
          "NDCG@6": 0.925397,
          "MAP@6": 0.888604,
          "MRR@6": 0.91358,
          "PREC@7": 0.783951,
          "RECALL@7": 0.196379,
          "NDCG@7": 0.92135,
          "MAP@7": 0.880633,
          "MRR@7": 0.91358,
          "PREC@8": 0.770062,
          "RECALL@8": 0.220932,
          "NDCG@8": 0.915698,
          "MAP@8": 0.872162,
          "MRR@8": 0.91358,
          "PREC@9": 0.768861,
          "RECALL@9": 0.246375,
          "NDCG@9": 0.912544,
          "MAP@9": 0.8625,
          "MRR@9": 0.91358,
          "PREC@10": 0.762346,
          "RECALL@10": 0.270679,
          "NDCG@10": 0.910533,
          "MAP@10": 0.856751,
          "MRR@10": 0.91358,
          "MAE": 0.76028,
          "RMSE": 0.974463,
          "hash": "MJRJFTINBXMS",
          "degree_user_thr": 0.07196856730011514,
          "degree_item_thr": 0.03727593720314938
}