{
          "PREC@1": 0.481481,
          "RECALL@1": 0.008204,
          "NDCG@1": 0.481481,
          "MAP@1": 0.481481,
          "MAP": 0.642245,
          "MRR@1": 0.481481,
          "PREC@2": 0.518519,
          "RECALL@2": 0.016593,
          "NDCG@2": 0.703704,
          "MAP@2": 0.592593,
          "MRR@2": 0.592593,
          "PREC@3": 0.567901,
          "RECALL@3": 0.027579,
          "NDCG@3": 0.71913,
          "MAP@3": 0.626543,
          "MRR@3": 0.62963,
          "PREC@4": 0.574074,
          "RECALL@4": 0.037683,
          "NDCG@4": 0.691055,
          "MAP@4": 0.624486,
          "MRR@4": 0.62963,
          "PREC@5": 0.585185,
          "RECALL@5": 0.048027,
          "NDCG@5": 0.68388,
          "MAP@5": 0.624331,
          "MRR@5": 0.62963,
          "PREC@6": 0.58642,
          "RECALL@6": 0.057316,
          "NDCG@6": 0.699567,
          "MAP@6": 0.634156,
          "MRR@6": 0.635802,
          "PREC@7": 0.608466,
          "RECALL@7": 0.069801,
          "NDCG@7": 0.697298,
          "MAP@7": 0.630747,
          "MRR@7": 0.635802,
          "PREC@8": 0.62963,
          "RECALL@8": 0.08266,
          "NDCG@8": 0.712322,
          "MAP@8": 0.637779,
          "MRR@8": 0.640432,
          "PREC@9": 0.633745,
          "RECALL@9": 0.093561,
          "NDCG@9": 0.71551,
          "MAP@9": 0.641755,
          "MRR@9": 0.640432,
          "PREC@10": 0.633333,
          "RECALL@10": 0.103109,
          "NDCG@10": 0.715765,
          "MAP@10": 0.642245,
          "MRR@10": 0.640432,
          "MAE": 0.857247,
          "RMSE": 1.135385,
          "hash": "NLNMWBNRNBJR",
          "degree_user_thr": 0.13894954943731375,
          "degree_item_thr": 0.0001
}