{
          "PREC@1": 0.808642,
          "RECALL@1": 0.019755,
          "NDCG@1": 0.808642,
          "MAP@1": 0.808642,
          "MAP": 0.822273,
          "MRR@1": 0.808642,
          "PREC@2": 0.805556,
          "RECALL@2": 0.039061,
          "NDCG@2": 0.919753,
          "MAP@2": 0.864198,
          "MRR@2": 0.864198,
          "PREC@3": 0.790123,
          "RECALL@3": 0.057602,
          "NDCG@3": 0.908948,
          "MAP@3": 0.867284,
          "MRR@3": 0.876543,
          "PREC@4": 0.780864,
          "RECALL@4": 0.075215,
          "NDCG@4": 0.903736,
          "MAP@4": 0.86454,
          "MRR@4": 0.87963,
          "PREC@5": 0.769136,
          "RECALL@5": 0.093427,
          "NDCG@5": 0.89922,
          "MAP@5": 0.857047,
          "MRR@5": 0.882099,
          "PREC@6": 0.768519,
          "RECALL@6": 0.112244,
          "NDCG@6": 0.893554,
          "MAP@6": 0.84596,
          "MRR@6": 0.883128,
          "PREC@7": 0.756614,
          "RECALL@7": 0.128705,
          "NDCG@7": 0.892724,
          "MAP@7": 0.839724,
          "MRR@7": 0.884009,
          "PREC@8": 0.761574,
          "RECALL@8": 0.148064,
          "NDCG@8": 0.889441,
          "MAP@8": 0.832469,
          "MRR@8": 0.884009,
          "PREC@9": 0.763374,
          "RECALL@9": 0.167682,
          "NDCG@9": 0.887465,
          "MAP@9": 0.826633,
          "MRR@9": 0.884009,
          "PREC@10": 0.758642,
          "RECALL@10": 0.186665,
          "NDCG@10": 0.886163,
          "MAP@10": 0.822273,
          "MRR@10": 0.884009,
          "MAE": 0.763314,
          "RMSE": 0.974548,
          "hash": "NPSOPEKSEKBG",
          "degree_user_thr": 0.07196856730011514,
          "degree_item_thr": 0.0013894954943731374
}