{
          "PREC@1": 0.699394,
          "RECALL@1": 0.399195,
          "NDCG@1": 0.699394,
          "MAP@1": 0.699394,
          "MAP": 0.741937,
          "MRR@1": 0.699394,
          "PREC@2": 0.573939,
          "RECALL@2": 0.571603,
          "NDCG@2": 0.787879,
          "MAP@2": 0.743636,
          "MRR@2": 0.743636,
          "PREC@3": 0.487677,
          "RECALL@3": 0.673404,
          "NDCG@3": 0.783563,
          "MAP@3": 0.745758,
          "MRR@3": 0.750101,
          "PREC@4": 0.408788,
          "RECALL@4": 0.717609,
          "NDCG@4": 0.783303,
          "MAP@4": 0.744512,
          "MRR@4": 0.751616,
          "PREC@5": 0.346667,
          "RECALL@5": 0.740613,
          "NDCG@5": 0.781844,
          "MAP@5": 0.742364,
          "MRR@5": 0.751859,
          "PREC@6": 0.295152,
          "RECALL@6": 0.747574,
          "NDCG@6": 0.781732,
          "MAP@6": 0.741991,
          "MRR@6": 0.751859,
          "PREC@7": 0.255411,
          "RECALL@7": 0.750283,
          "NDCG@7": 0.781763,
          "MAP@7": 0.741982,
          "MRR@7": 0.751859,
          "PREC@8": 0.224091,
          "RECALL@8": 0.750963,
          "NDCG@8": 0.781777,
          "MAP@8": 0.741981,
          "MRR@8": 0.751859,
          "PREC@9": 0.199596,
          "RECALL@9": 0.751401,
          "NDCG@9": 0.781763,
          "MAP@9": 0.741937,
          "MRR@9": 0.751859,
          "PREC@10": 0.179636,
          "RECALL@10": 0.751401,
          "NDCG@10": 0.781763,
          "MAP@10": 0.741937,
          "MRR@10": 0.751859,
          "MAE": 0.875429,
          "RMSE": 1.186052,
          "hash": "OEMWDADRWFWL",
          "degree_user_thr": 0.000372759372031494,
          "degree_item_thr": 0.13894954943731375
}