{
          "PREC@1": 0.790123,
          "RECALL@1": 0.019785,
          "NDCG@1": 0.790123,
          "MAP@1": 0.790123,
          "MAP": 0.82493,
          "MRR@1": 0.790123,
          "PREC@2": 0.799383,
          "RECALL@2": 0.039692,
          "NDCG@2": 0.932099,
          "MAP@2": 0.861111,
          "MRR@2": 0.861111,
          "PREC@3": 0.800412,
          "RECALL@3": 0.059549,
          "NDCG@3": 0.906192,
          "MAP@3": 0.859568,
          "MRR@3": 0.867284,
          "PREC@4": 0.79321,
          "RECALL@4": 0.07854,
          "NDCG@4": 0.893472,
          "MAP@4": 0.854938,
          "MRR@4": 0.868827,
          "PREC@5": 0.797531,
          "RECALL@5": 0.099424,
          "NDCG@5": 0.890122,
          "MAP@5": 0.847051,
          "MRR@5": 0.871296,
          "PREC@6": 0.786008,
          "RECALL@6": 0.118765,
          "NDCG@6": 0.887819,
          "MAP@6": 0.843507,
          "MRR@6": 0.872325,
          "PREC@7": 0.779541,
          "RECALL@7": 0.13657,
          "NDCG@7": 0.886174,
          "MAP@7": 0.838922,
          "MRR@7": 0.872325,
          "PREC@8": 0.770062,
          "RECALL@8": 0.15323,
          "NDCG@8": 0.884868,
          "MAP@8": 0.834142,
          "MRR@8": 0.872325,
          "PREC@9": 0.76749,
          "RECALL@9": 0.171711,
          "NDCG@9": 0.884477,
          "MAP@9": 0.830131,
          "MRR@9": 0.872325,
          "PREC@10": 0.761728,
          "RECALL@10": 0.189006,
          "NDCG@10": 0.883474,
          "MAP@10": 0.82493,
          "MRR@10": 0.872325,
          "MAE": 0.765116,
          "RMSE": 0.971621,
          "hash": "OIOFDRRWKJYU",
          "degree_user_thr": 0.07196856730011514,
          "degree_item_thr": 0.002682695795279725
}