{
          "PREC@1": 0.7614,
          "RECALL@1": 0.098107,
          "NDCG@1": 0.7614,
          "MAP@1": 0.7614,
          "MAP": 0.794226,
          "MRR@1": 0.7614,
          "PREC@2": 0.744433,
          "RECALL@2": 0.186134,
          "NDCG@2": 0.891835,
          "MAP@2": 0.826617,
          "MRR@2": 0.826617,
          "PREC@3": 0.724991,
          "RECALL@3": 0.262241,
          "NDCG@3": 0.887255,
          "MAP@3": 0.832626,
          "MRR@3": 0.841463,
          "PREC@4": 0.70334,
          "RECALL@4": 0.326921,
          "NDCG@4": 0.876884,
          "MAP@4": 0.825675,
          "MRR@4": 0.84597,
          "PREC@5": 0.685472,
          "RECALL@5": 0.383235,
          "NDCG@5": 0.869329,
          "MAP@5": 0.81777,
          "MRR@5": 0.847455,
          "PREC@6": 0.664016,
          "RECALL@6": 0.428273,
          "NDCG@6": 0.866082,
          "MAP@6": 0.811637,
          "MRR@6": 0.847985,
          "PREC@7": 0.646114,
          "RECALL@7": 0.467217,
          "NDCG@7": 0.862649,
          "MAP@7": 0.80548,
          "MRR@7": 0.848288,
          "PREC@8": 0.625795,
          "RECALL@8": 0.500519,
          "NDCG@8": 0.861708,
          "MAP@8": 0.801244,
          "MRR@8": 0.848553,
          "PREC@9": 0.6074,
          "RECALL@9": 0.529461,
          "NDCG@9": 0.860642,
          "MAP@9": 0.79725,
          "MRR@9": 0.848553,
          "PREC@10": 0.590774,
          "RECALL@10": 0.554889,
          "NDCG@10": 0.860225,
          "MAP@10": 0.794226,
          "MRR@10": 0.848553,
          "MAE": 0.794399,
          "RMSE": 1.0301,
          "hash": "OJPTKLUWOKSH",
          "degree_user_thr": 0.0013894954943731374,
          "degree_item_thr": 0.019306977288832496
}