{
          "PREC@1": 0.752422,
          "RECALL@1": 0.17137,
          "NDCG@1": 0.752422,
          "MAP@1": 0.752422,
          "MAP": 0.792153,
          "MRR@1": 0.752422,
          "PREC@2": 0.726588,
          "RECALL@2": 0.305207,
          "NDCG@2": 0.890205,
          "MAP@2": 0.821313,
          "MRR@2": 0.821313,
          "PREC@3": 0.682454,
          "RECALL@3": 0.398503,
          "NDCG@3": 0.879707,
          "MAP@3": 0.824094,
          "MRR@3": 0.831719,
          "PREC@4": 0.649623,
          "RECALL@4": 0.471035,
          "NDCG@4": 0.864472,
          "MAP@4": 0.815154,
          "MRR@4": 0.833064,
          "PREC@5": 0.615285,
          "RECALL@5": 0.527119,
          "NDCG@5": 0.858713,
          "MAP@5": 0.809133,
          "MRR@5": 0.83328,
          "PREC@6": 0.585755,
          "RECALL@6": 0.573702,
          "NDCG@6": 0.855635,
          "MAP@6": 0.803482,
          "MRR@6": 0.833459,
          "PREC@7": 0.556974,
          "RECALL@7": 0.610681,
          "NDCG@7": 0.854865,
          "MAP@7": 0.800352,
          "MRR@7": 0.833613,
          "PREC@8": 0.531485,
          "RECALL@8": 0.642252,
          "NDCG@8": 0.853375,
          "MAP@8": 0.797006,
          "MRR@8": 0.833613,
          "PREC@9": 0.507356,
          "RECALL@9": 0.668698,
          "NDCG@9": 0.852865,
          "MAP@9": 0.794454,
          "MRR@9": 0.833613,
          "PREC@10": 0.48493,
          "RECALL@10": 0.690827,
          "NDCG@10": 0.852248,
          "MAP@10": 0.792153,
          "MRR@10": 0.833613,
          "MAE": 0.830897,
          "RMSE": 1.097388,
          "hash": "ONXMAGGXKFZZ",
          "degree_user_thr": 0.0013894954943731374,
          "degree_item_thr": 0.07196856730011514
}