{
          "PREC@1": 0.792185,
          "RECALL@1": 0.044569,
          "NDCG@1": 0.792185,
          "MAP@1": 0.792185,
          "MAP": 0.81543,
          "MRR@1": 0.792185,
          "PREC@2": 0.790409,
          "RECALL@2": 0.087934,
          "NDCG@2": 0.928952,
          "MAP@2": 0.860568,
          "MRR@2": 0.860568,
          "PREC@3": 0.780343,
          "RECALL@3": 0.128502,
          "NDCG@3": 0.92638,
          "MAP@3": 0.867821,
          "MRR@3": 0.877738,
          "PREC@4": 0.769982,
          "RECALL@4": 0.169079,
          "NDCG@4": 0.910837,
          "MAP@4": 0.860667,
          "MRR@4": 0.880403,
          "PREC@5": 0.756306,
          "RECALL@5": 0.206228,
          "NDCG@5": 0.902981,
          "MAP@5": 0.853,
          "MRR@5": 0.881468,
          "PREC@6": 0.75074,
          "RECALL@6": 0.243284,
          "NDCG@6": 0.896144,
          "MAP@6": 0.843609,
          "MRR@6": 0.881764,
          "PREC@7": 0.739406,
          "RECALL@7": 0.278338,
          "NDCG@7": 0.890904,
          "MAP@7": 0.834755,
          "MRR@7": 0.881764,
          "PREC@8": 0.730684,
          "RECALL@8": 0.312156,
          "NDCG@8": 0.88835,
          "MAP@8": 0.828574,
          "MRR@8": 0.881764,
          "PREC@9": 0.724887,
          "RECALL@9": 0.34592,
          "NDCG@9": 0.885662,
          "MAP@9": 0.820672,
          "MRR@9": 0.881764,
          "PREC@10": 0.717584,
          "RECALL@10": 0.377615,
          "NDCG@10": 0.884395,
          "MAP@10": 0.81543,
          "MRR@10": 0.881764,
          "MAE": 0.781345,
          "RMSE": 0.999544,
          "hash": "QKYMAUFUELEP",
          "degree_user_thr": 0.019306977288832496,
          "degree_item_thr": 0.0013894954943731374
}