{
          "PREC@1": 0.810298,
          "RECALL@1": 0.075458,
          "NDCG@1": 0.810298,
          "MAP@1": 0.810298,
          "MAP": 0.830543,
          "MRR@1": 0.810298,
          "PREC@2": 0.789973,
          "RECALL@2": 0.142505,
          "NDCG@2": 0.934959,
          "MAP@2": 0.872629,
          "MRR@2": 0.872629,
          "PREC@3": 0.788618,
          "RECALL@3": 0.211806,
          "NDCG@3": 0.92089,
          "MAP@3": 0.872629,
          "MRR@3": 0.885276,
          "PREC@4": 0.78252,
          "RECALL@4": 0.277257,
          "NDCG@4": 0.908382,
          "MAP@4": 0.866983,
          "MRR@4": 0.888663,
          "PREC@5": 0.76748,
          "RECALL@5": 0.335634,
          "NDCG@5": 0.90129,
          "MAP@5": 0.859707,
          "MRR@5": 0.889205,
          "PREC@6": 0.756549,
          "RECALL@6": 0.393059,
          "NDCG@6": 0.897122,
          "MAP@6": 0.851862,
          "MRR@6": 0.889657,
          "PREC@7": 0.743709,
          "RECALL@7": 0.44751,
          "NDCG@7": 0.894454,
          "MAP@7": 0.844828,
          "MRR@7": 0.889657,
          "PREC@8": 0.733062,
          "RECALL@8": 0.498911,
          "NDCG@8": 0.893267,
          "MAP@8": 0.839508,
          "MRR@8": 0.889657,
          "PREC@9": 0.719663,
          "RECALL@9": 0.544959,
          "NDCG@9": 0.892235,
          "MAP@9": 0.835219,
          "MRR@9": 0.889657,
          "PREC@10": 0.704878,
          "RECALL@10": 0.586502,
          "NDCG@10": 0.89142,
          "MAP@10": 0.830543,
          "MRR@10": 0.889657,
          "MAE": 0.796488,
          "RMSE": 1.051523,
          "hash": "QLWZHFURKWDD",
          "degree_user_thr": 0.03727593720314938,
          "degree_item_thr": 0.07196856730011514
}