{
          "PREC@1": 0.777778,
          "RECALL@1": 0.028465,
          "NDCG@1": 0.777778,
          "MAP@1": 0.777778,
          "MAP": 0.768449,
          "MRR@1": 0.777778,
          "PREC@2": 0.722222,
          "RECALL@2": 0.04535,
          "NDCG@2": 0.888889,
          "MAP@2": 0.833333,
          "MRR@2": 0.833333,
          "PREC@3": 0.703704,
          "RECALL@3": 0.070169,
          "NDCG@3": 0.908286,
          "MAP@3": 0.842593,
          "MRR@3": 0.858025,
          "PREC@4": 0.675926,
          "RECALL@4": 0.086256,
          "NDCG@4": 0.91123,
          "MAP@4": 0.838477,
          "MRR@4": 0.867284,
          "PREC@5": 0.688889,
          "RECALL@5": 0.105476,
          "NDCG@5": 0.881017,
          "MAP@5": 0.814506,
          "MRR@5": 0.867284,
          "PREC@6": 0.697531,
          "RECALL@6": 0.125634,
          "NDCG@6": 0.85328,
          "MAP@6": 0.791852,
          "MRR@6": 0.867284,
          "PREC@7": 0.698413,
          "RECALL@7": 0.15209,
          "NDCG@7": 0.849385,
          "MAP@7": 0.783066,
          "MRR@7": 0.867284,
          "PREC@8": 0.689815,
          "RECALL@8": 0.168173,
          "NDCG@8": 0.849792,
          "MAP@8": 0.782339,
          "MRR@8": 0.867284,
          "PREC@9": 0.695473,
          "RECALL@9": 0.189771,
          "NDCG@9": 0.843315,
          "MAP@9": 0.770404,
          "MRR@9": 0.867284,
          "PREC@10": 0.692593,
          "RECALL@10": 0.207343,
          "NDCG@10": 0.844092,
          "MAP@10": 0.768449,
          "MRR@10": 0.867284,
          "MAE": 0.781671,
          "RMSE": 0.987194,
          "hash": "QQXCKHVOLLEO",
          "degree_user_thr": 0.13894954943731375,
          "degree_item_thr": 0.03727593720314938
}