{
          "PREC@1": 0.481481,
          "RECALL@1": 0.007032,
          "NDCG@1": 0.481481,
          "MAP@1": 0.481481,
          "MAP": 0.64862,
          "MRR@1": 0.481481,
          "PREC@2": 0.518519,
          "RECALL@2": 0.016208,
          "NDCG@2": 0.666667,
          "MAP@2": 0.574074,
          "MRR@2": 0.574074,
          "PREC@3": 0.555556,
          "RECALL@3": 0.026121,
          "NDCG@3": 0.732799,
          "MAP@3": 0.617284,
          "MRR@3": 0.623457,
          "PREC@4": 0.592593,
          "RECALL@4": 0.037141,
          "NDCG@4": 0.72307,
          "MAP@4": 0.626543,
          "MRR@4": 0.632716,
          "PREC@5": 0.614815,
          "RECALL@5": 0.048976,
          "NDCG@5": 0.708361,
          "MAP@5": 0.632356,
          "MRR@5": 0.632716,
          "PREC@6": 0.617284,
          "RECALL@6": 0.059743,
          "NDCG@6": 0.713756,
          "MAP@6": 0.639023,
          "MRR@6": 0.638889,
          "PREC@7": 0.619048,
          "RECALL@7": 0.069889,
          "NDCG@7": 0.711912,
          "MAP@7": 0.641342,
          "MRR@7": 0.638889,
          "PREC@8": 0.625,
          "RECALL@8": 0.081397,
          "NDCG@8": 0.726053,
          "MAP@8": 0.64766,
          "MRR@8": 0.643519,
          "PREC@9": 0.625514,
          "RECALL@9": 0.090963,
          "NDCG@9": 0.728268,
          "MAP@9": 0.648338,
          "MRR@9": 0.643519,
          "PREC@10": 0.62963,
          "RECALL@10": 0.10148,
          "NDCG@10": 0.730491,
          "MAP@10": 0.64862,
          "MRR@10": 0.643519,
          "MAE": 0.825593,
          "RMSE": 1.076086,
          "hash": "STICJPIEEJIH",
          "degree_user_thr": 0.13894954943731375,
          "degree_item_thr": 0.0013894954943731374
}