{
          "PREC@1": 0.777778,
          "RECALL@1": 0.259612,
          "NDCG@1": 0.777778,
          "MAP@1": 0.777778,
          "MAP": 0.781944,
          "MRR@1": 0.777778,
          "PREC@2": 0.666667,
          "RECALL@2": 0.398854,
          "NDCG@2": 0.777778,
          "MAP@2": 0.777778,
          "MRR@2": 0.777778,
          "PREC@3": 0.617284,
          "RECALL@3": 0.550441,
          "NDCG@3": 0.817679,
          "MAP@3": 0.796296,
          "MRR@3": 0.802469,
          "PREC@4": 0.601852,
          "RECALL@4": 0.711287,
          "NDCG@4": 0.811568,
          "MAP@4": 0.783951,
          "MRR@4": 0.811728,
          "PREC@5": 0.540741,
          "RECALL@5": 0.767196,
          "NDCG@5": 0.811262,
          "MAP@5": 0.783282,
          "MRR@5": 0.811728,
          "PREC@6": 0.462963,
          "RECALL@6": 0.783862,
          "NDCG@6": 0.811112,
          "MAP@6": 0.781944,
          "MRR@6": 0.811728,
          "PREC@7": 0.396825,
          "RECALL@7": 0.783862,
          "NDCG@7": 0.811112,
          "MAP@7": 0.781944,
          "MRR@7": 0.811728,
          "PREC@8": 0.347222,
          "RECALL@8": 0.783862,
          "NDCG@8": 0.811112,
          "MAP@8": 0.781944,
          "MRR@8": 0.811728,
          "PREC@9": 0.308642,
          "RECALL@9": 0.783862,
          "NDCG@9": 0.811112,
          "MAP@9": 0.781944,
          "MRR@9": 0.811728,
          "PREC@10": 0.277778,
          "RECALL@10": 0.783862,
          "NDCG@10": 0.811112,
          "MAP@10": 0.781944,
          "MRR@10": 0.811728,
          "MAE": 0.939045,
          "RMSE": 1.196615,
          "hash": "TJWAVDTMYRYI",
          "degree_user_thr": 0.13894954943731375,
          "degree_item_thr": 0.13894954943731375
}