{
          "PREC@1": 0.779427,
          "RECALL@1": 0.097136,
          "NDCG@1": 0.779427,
          "MAP@1": 0.779427,
          "MAP": 0.804867,
          "MRR@1": 0.779427,
          "PREC@2": 0.752386,
          "RECALL@2": 0.178872,
          "NDCG@2": 0.922587,
          "MAP@2": 0.851007,
          "MRR@2": 0.851007,
          "PREC@3": 0.733828,
          "RECALL@3": 0.253193,
          "NDCG@3": 0.904386,
          "MAP@3": 0.850654,
          "MRR@3": 0.861965,
          "PREC@4": 0.716861,
          "RECALL@4": 0.318309,
          "NDCG@4": 0.891265,
          "MAP@4": 0.841493,
          "MRR@4": 0.865677,
          "PREC@5": 0.697349,
          "RECALL@5": 0.371427,
          "NDCG@5": 0.88266,
          "MAP@5": 0.832196,
          "MRR@5": 0.866313,
          "PREC@6": 0.677448,
          "RECALL@6": 0.415401,
          "NDCG@6": 0.879042,
          "MAP@6": 0.825175,
          "MRR@6": 0.867197,
          "PREC@7": 0.663687,
          "RECALL@7": 0.457925,
          "NDCG@7": 0.876143,
          "MAP@7": 0.81785,
          "MRR@7": 0.8675,
          "PREC@8": 0.643425,
          "RECALL@8": 0.49124,
          "NDCG@8": 0.873712,
          "MAP@8": 0.812885,
          "MRR@8": 0.8675,
          "PREC@9": 0.62472,
          "RECALL@9": 0.519822,
          "NDCG@9": 0.872523,
          "MAP@9": 0.808844,
          "MRR@9": 0.8675,
          "PREC@10": 0.606575,
          "RECALL@10": 0.544532,
          "NDCG@10": 0.871353,
          "MAP@10": 0.804867,
          "MRR@10": 0.8675,
          "MAE": 0.791911,
          "RMSE": 1.023714,
          "hash": "TKWBNVOAPCFN",
          "degree_user_thr": 0.0007196856730011522,
          "degree_item_thr": 0.002682695795279725
}