{
          "PREC@1": 0.795426,
          "RECALL@1": 0.073973,
          "NDCG@1": 0.795426,
          "MAP@1": 0.795426,
          "MAP": 0.815082,
          "MRR@1": 0.795426,
          "PREC@2": 0.76493,
          "RECALL@2": 0.136796,
          "NDCG@2": 0.928844,
          "MAP@2": 0.862135,
          "MRR@2": 0.862135,
          "PREC@3": 0.7518,
          "RECALL@3": 0.194207,
          "NDCG@3": 0.906718,
          "MAP@3": 0.858111,
          "MRR@3": 0.871876,
          "PREC@4": 0.738882,
          "RECALL@4": 0.248624,
          "NDCG@4": 0.896007,
          "MAP@4": 0.850487,
          "MRR@4": 0.876959,
          "PREC@5": 0.730114,
          "RECALL@5": 0.301232,
          "NDCG@5": 0.88884,
          "MAP@5": 0.84248,
          "MRR@5": 0.878738,
          "PREC@6": 0.717916,
          "RECALL@6": 0.348897,
          "NDCG@6": 0.884051,
          "MAP@6": 0.834459,
          "MRR@6": 0.879585,
          "PREC@7": 0.705754,
          "RECALL@7": 0.390198,
          "NDCG@7": 0.882206,
          "MAP@7": 0.828371,
          "MRR@7": 0.879766,
          "PREC@8": 0.690597,
          "RECALL@8": 0.427652,
          "NDCG@8": 0.881189,
          "MAP@8": 0.82323,
          "MRR@8": 0.879925,
          "PREC@9": 0.676549,
          "RECALL@9": 0.459495,
          "NDCG@9": 0.880332,
          "MAP@9": 0.819344,
          "MRR@9": 0.879925,
          "PREC@10": 0.666074,
          "RECALL@10": 0.491188,
          "NDCG@10": 0.879748,
          "MAP@10": 0.815082,
          "MRR@10": 0.879925,
          "MAE": 0.785695,
          "RMSE": 1.014596,
          "hash": "TNCFJXQLQTJR",
          "degree_user_thr": 0.01,
          "degree_item_thr": 0.002682695795279725
}