{
          "PREC@1": 0.777778,
          "RECALL@1": 0.014778,
          "NDCG@1": 0.777778,
          "MAP@1": 0.777778,
          "MAP": 0.749646,
          "MRR@1": 0.777778,
          "PREC@2": 0.685185,
          "RECALL@2": 0.026788,
          "NDCG@2": 0.925926,
          "MAP@2": 0.851852,
          "MRR@2": 0.851852,
          "PREC@3": 0.666667,
          "RECALL@3": 0.037215,
          "NDCG@3": 0.894617,
          "MAP@3": 0.833333,
          "MRR@3": 0.864198,
          "PREC@4": 0.685185,
          "RECALL@4": 0.051695,
          "NDCG@4": 0.850825,
          "MAP@4": 0.805556,
          "MRR@4": 0.864198,
          "PREC@5": 0.696296,
          "RECALL@5": 0.064689,
          "NDCG@5": 0.832527,
          "MAP@5": 0.786626,
          "MRR@5": 0.864198,
          "PREC@6": 0.679012,
          "RECALL@6": 0.074184,
          "NDCG@6": 0.832005,
          "MAP@6": 0.782109,
          "MRR@6": 0.864198,
          "PREC@7": 0.640212,
          "RECALL@7": 0.080432,
          "NDCG@7": 0.832166,
          "MAP@7": 0.782688,
          "MRR@7": 0.864198,
          "PREC@8": 0.657407,
          "RECALL@8": 0.094817,
          "NDCG@8": 0.825022,
          "MAP@8": 0.761619,
          "MRR@8": 0.864198,
          "PREC@9": 0.658436,
          "RECALL@9": 0.106455,
          "NDCG@9": 0.824269,
          "MAP@9": 0.756425,
          "MRR@9": 0.864198,
          "PREC@10": 0.666667,
          "RECALL@10": 0.120422,
          "NDCG@10": 0.821869,
          "MAP@10": 0.749646,
          "MRR@10": 0.864198,
          "MAE": 0.802613,
          "RMSE": 1.021667,
          "hash": "UDTOXOMFZFKS",
          "degree_user_thr": 0.13894954943731375,
          "degree_item_thr": 0.005179474679231209
}