{
          "PREC@1": 0.82716,
          "RECALL@1": 0.023606,
          "NDCG@1": 0.82716,
          "MAP@1": 0.82716,
          "MAP": 0.845463,
          "MRR@1": 0.82716,
          "PREC@2": 0.820988,
          "RECALL@2": 0.048507,
          "NDCG@2": 0.95679,
          "MAP@2": 0.891975,
          "MRR@2": 0.891975,
          "PREC@3": 0.808642,
          "RECALL@3": 0.07191,
          "NDCG@3": 0.933639,
          "MAP@3": 0.891461,
          "MRR@3": 0.900206,
          "PREC@4": 0.810185,
          "RECALL@4": 0.096073,
          "NDCG@4": 0.918957,
          "MAP@4": 0.881516,
          "MRR@4": 0.901749,
          "PREC@5": 0.807407,
          "RECALL@5": 0.117897,
          "NDCG@5": 0.915814,
          "MAP@5": 0.875609,
          "MRR@5": 0.902984,
          "PREC@6": 0.799383,
          "RECALL@6": 0.138803,
          "NDCG@6": 0.913193,
          "MAP@6": 0.869062,
          "MRR@6": 0.902984,
          "PREC@7": 0.797178,
          "RECALL@7": 0.159916,
          "NDCG@7": 0.907554,
          "MAP@7": 0.860887,
          "MRR@7": 0.902984,
          "PREC@8": 0.786265,
          "RECALL@8": 0.17991,
          "NDCG@8": 0.904383,
          "MAP@8": 0.855482,
          "MRR@8": 0.902984,
          "PREC@9": 0.777778,
          "RECALL@9": 0.198699,
          "NDCG@9": 0.903786,
          "MAP@9": 0.851203,
          "MRR@9": 0.902984,
          "PREC@10": 0.780864,
          "RECALL@10": 0.221775,
          "NDCG@10": 0.902518,
          "MAP@10": 0.845463,
          "MRR@10": 0.902984,
          "MAE": 0.748542,
          "RMSE": 0.952487,
          "hash": "UMDBVVXUWSFA",
          "degree_user_thr": 0.07196856730011514,
          "degree_item_thr": 0.019306977288832496
}