{
          "PREC@1": 0.715342,
          "RECALL@1": 0.331346,
          "NDCG@1": 0.715342,
          "MAP@1": 0.715342,
          "MAP": 0.762781,
          "MRR@1": 0.715342,
          "PREC@2": 0.643253,
          "RECALL@2": 0.545718,
          "NDCG@2": 0.826248,
          "MAP@2": 0.770795,
          "MRR@2": 0.770795,
          "PREC@3": 0.563771,
          "RECALL@3": 0.668883,
          "NDCG@3": 0.811558,
          "MAP@3": 0.768792,
          "MRR@3": 0.775108,
          "PREC@4": 0.487985,
          "RECALL@4": 0.73712,
          "NDCG@4": 0.806665,
          "MAP@4": 0.765352,
          "MRR@4": 0.776032,
          "PREC@5": 0.417375,
          "RECALL@5": 0.766372,
          "NDCG@5": 0.805375,
          "MAP@5": 0.763365,
          "MRR@5": 0.776402,
          "PREC@6": 0.358595,
          "RECALL@6": 0.777845,
          "NDCG@6": 0.805314,
          "MAP@6": 0.763305,
          "MRR@6": 0.776402,
          "PREC@7": 0.310536,
          "RECALL@7": 0.781811,
          "NDCG@7": 0.80515,
          "MAP@7": 0.762958,
          "MRR@7": 0.776402,
          "PREC@8": 0.273567,
          "RECALL@8": 0.783897,
          "NDCG@8": 0.805161,
          "MAP@8": 0.762888,
          "MRR@8": 0.776402,
          "PREC@9": 0.243582,
          "RECALL@9": 0.784436,
          "NDCG@9": 0.805125,
          "MAP@9": 0.762781,
          "MRR@9": 0.776402,
          "PREC@10": 0.219224,
          "RECALL@10": 0.784436,
          "NDCG@10": 0.805125,
          "MAP@10": 0.762781,
          "MRR@10": 0.776402,
          "MAE": 0.845035,
          "RMSE": 1.149656,
          "hash": "USDCSGWBQKMM",
          "degree_user_thr": 0.019306977288832496,
          "degree_item_thr": 0.13894954943731375
}