{
          "PREC@1": 0.794155,
          "RECALL@1": 0.074592,
          "NDCG@1": 0.794155,
          "MAP@1": 0.794155,
          "MAP": 0.822942,
          "MRR@1": 0.794155,
          "PREC@2": 0.775095,
          "RECALL@2": 0.139135,
          "NDCG@2": 0.931385,
          "MAP@2": 0.86277,
          "MRR@2": 0.86277,
          "PREC@3": 0.764083,
          "RECALL@3": 0.199434,
          "NDCG@3": 0.921693,
          "MAP@3": 0.8651,
          "MRR@3": 0.877594,
          "PREC@4": 0.754447,
          "RECALL@4": 0.255001,
          "NDCG@4": 0.906575,
          "MAP@4": 0.859593,
          "MRR@4": 0.880771,
          "PREC@5": 0.742313,
          "RECALL@5": 0.304657,
          "NDCG@5": 0.898726,
          "MAP@5": 0.852275,
          "MRR@5": 0.881279,
          "PREC@6": 0.725964,
          "RECALL@6": 0.351155,
          "NDCG@6": 0.892927,
          "MAP@6": 0.84518,
          "MRR@6": 0.881279,
          "PREC@7": 0.712471,
          "RECALL@7": 0.394956,
          "NDCG@7": 0.889632,
          "MAP@7": 0.83748,
          "MRR@7": 0.881461,
          "PREC@8": 0.69695,
          "RECALL@8": 0.432678,
          "NDCG@8": 0.888051,
          "MAP@8": 0.832014,
          "MRR@8": 0.881461,
          "PREC@9": 0.682762,
          "RECALL@9": 0.466878,
          "NDCG@9": 0.886818,
          "MAP@9": 0.827082,
          "MRR@9": 0.881461,
          "PREC@10": 0.666582,
          "RECALL@10": 0.495704,
          "NDCG@10": 0.886066,
          "MAP@10": 0.822942,
          "MRR@10": 0.881461,
          "MAE": 0.789135,
          "RMSE": 1.020303,
          "hash": "UVVCLQGDMGOW",
          "degree_user_thr": 0.01,
          "degree_item_thr": 0.0013894954943731374
}