{
          "PREC@1": 0.814815,
          "RECALL@1": 0.020806,
          "NDCG@1": 0.814815,
          "MAP@1": 0.814815,
          "MAP": 0.82715,
          "MRR@1": 0.814815,
          "PREC@2": 0.808642,
          "RECALL@2": 0.041204,
          "NDCG@2": 0.938272,
          "MAP@2": 0.876543,
          "MRR@2": 0.876543,
          "PREC@3": 0.794239,
          "RECALL@3": 0.060971,
          "NDCG@3": 0.933162,
          "MAP@3": 0.881687,
          "MRR@3": 0.888889,
          "PREC@4": 0.777778,
          "RECALL@4": 0.078374,
          "NDCG@4": 0.917252,
          "MAP@4": 0.873457,
          "MRR@4": 0.890432,
          "PREC@5": 0.777778,
          "RECALL@5": 0.09854,
          "NDCG@5": 0.907147,
          "MAP@5": 0.861968,
          "MRR@5": 0.891667,
          "PREC@6": 0.771605,
          "RECALL@6": 0.115735,
          "NDCG@6": 0.901689,
          "MAP@6": 0.85297,
          "MRR@6": 0.891667,
          "PREC@7": 0.767196,
          "RECALL@7": 0.133736,
          "NDCG@7": 0.89452,
          "MAP@7": 0.842415,
          "MRR@7": 0.892549,
          "PREC@8": 0.755401,
          "RECALL@8": 0.15057,
          "NDCG@8": 0.893393,
          "MAP@8": 0.837627,
          "MRR@8": 0.892549,
          "PREC@9": 0.746228,
          "RECALL@9": 0.166781,
          "NDCG@9": 0.89252,
          "MAP@9": 0.832567,
          "MRR@9": 0.892549,
          "PREC@10": 0.740123,
          "RECALL@10": 0.183517,
          "NDCG@10": 0.891487,
          "MAP@10": 0.82715,
          "MRR@10": 0.892549,
          "MAE": 0.760262,
          "RMSE": 0.964351,
          "hash": "UWQIIOIRSVUX",
          "degree_user_thr": 0.07196856730011514,
          "degree_item_thr": 0.005179474679231209
}