{
          "PREC@1": 0.804878,
          "RECALL@1": 0.030699,
          "NDCG@1": 0.804878,
          "MAP@1": 0.804878,
          "MAP": 0.825639,
          "MRR@1": 0.804878,
          "PREC@2": 0.795393,
          "RECALL@2": 0.060568,
          "NDCG@2": 0.940379,
          "MAP@2": 0.872629,
          "MRR@2": 0.872629,
          "PREC@3": 0.793135,
          "RECALL@3": 0.089777,
          "NDCG@3": 0.926019,
          "MAP@3": 0.875113,
          "MRR@3": 0.886179,
          "PREC@4": 0.780488,
          "RECALL@4": 0.117296,
          "NDCG@4": 0.912581,
          "MAP@4": 0.869015,
          "MRR@4": 0.887534,
          "PREC@5": 0.773442,
          "RECALL@5": 0.144369,
          "NDCG@5": 0.905373,
          "MAP@5": 0.860008,
          "MRR@5": 0.888618,
          "PREC@6": 0.769648,
          "RECALL@6": 0.17155,
          "NDCG@6": 0.896267,
          "MAP@6": 0.848063,
          "MRR@6": 0.888618,
          "PREC@7": 0.762292,
          "RECALL@7": 0.197478,
          "NDCG@7": 0.893896,
          "MAP@7": 0.841717,
          "MRR@7": 0.888618,
          "PREC@8": 0.755081,
          "RECALL@8": 0.222891,
          "NDCG@8": 0.892725,
          "MAP@8": 0.836178,
          "MRR@8": 0.888618,
          "PREC@9": 0.747064,
          "RECALL@9": 0.246979,
          "NDCG@9": 0.891911,
          "MAP@9": 0.831283,
          "MRR@9": 0.888618,
          "PREC@10": 0.742276,
          "RECALL@10": 0.272119,
          "NDCG@10": 0.890007,
          "MAP@10": 0.825639,
          "MRR@10": 0.888618,
          "MAE": 0.772092,
          "RMSE": 0.984003,
          "hash": "VHWMKEQREOER",
          "degree_user_thr": 0.03727593720314938,
          "degree_item_thr": 0.005179474679231209
}