{
          "PREC@1": 0.817027,
          "RECALL@1": 0.081858,
          "NDCG@1": 0.817027,
          "MAP@1": 0.817027,
          "MAP": 0.826296,
          "MRR@1": 0.817027,
          "PREC@2": 0.791614,
          "RECALL@2": 0.154075,
          "NDCG@2": 0.944091,
          "MAP@2": 0.880559,
          "MRR@2": 0.880559,
          "PREC@3": 0.779331,
          "RECALL@3": 0.22219,
          "NDCG@3": 0.922571,
          "MAP@3": 0.8777,
          "MRR@3": 0.889877,
          "PREC@4": 0.758895,
          "RECALL@4": 0.281574,
          "NDCG@4": 0.908862,
          "MAP@4": 0.8675,
          "MRR@4": 0.891465,
          "PREC@5": 0.735959,
          "RECALL@5": 0.3309,
          "NDCG@5": 0.902209,
          "MAP@5": 0.859161,
          "MRR@5": 0.89299,
          "PREC@6": 0.72194,
          "RECALL@6": 0.380652,
          "NDCG@6": 0.897175,
          "MAP@6": 0.850246,
          "MRR@6": 0.893414,
          "PREC@7": 0.703757,
          "RECALL@7": 0.420673,
          "NDCG@7": 0.894397,
          "MAP@7": 0.843297,
          "MRR@7": 0.893414,
          "PREC@8": 0.688691,
          "RECALL@8": 0.459837,
          "NDCG@8": 0.890948,
          "MAP@8": 0.835337,
          "MRR@8": 0.893414,
          "PREC@9": 0.671749,
          "RECALL@9": 0.49164,
          "NDCG@9": 0.889723,
          "MAP@9": 0.830746,
          "MRR@9": 0.893414,
          "PREC@10": 0.655781,
          "RECALL@10": 0.521686,
          "NDCG@10": 0.888707,
          "MAP@10": 0.826296,
          "MRR@10": 0.893414,
          "MAE": 0.782698,
          "RMSE": 1.013867,
          "hash": "VIHXZBYXYDKO",
          "degree_user_thr": 0.01,
          "degree_item_thr": 0.019306977288832496
}