{
          "PREC@1": 0.810298,
          "RECALL@1": 0.031876,
          "NDCG@1": 0.810298,
          "MAP@1": 0.810298,
          "MAP": 0.831876,
          "MRR@1": 0.810298,
          "PREC@2": 0.806233,
          "RECALL@2": 0.064175,
          "NDCG@2": 0.932249,
          "MAP@2": 0.871274,
          "MRR@2": 0.871274,
          "PREC@3": 0.803975,
          "RECALL@3": 0.095251,
          "NDCG@3": 0.93002,
          "MAP@3": 0.880759,
          "MRR@3": 0.887534,
          "PREC@4": 0.794038,
          "RECALL@4": 0.125359,
          "NDCG@4": 0.914695,
          "MAP@4": 0.87293,
          "MRR@4": 0.889566,
          "PREC@5": 0.784282,
          "RECALL@5": 0.1539,
          "NDCG@5": 0.907979,
          "MAP@5": 0.865609,
          "MRR@5": 0.890108,
          "PREC@6": 0.773261,
          "RECALL@6": 0.181628,
          "NDCG@6": 0.903196,
          "MAP@6": 0.856891,
          "MRR@6": 0.89056,
          "PREC@7": 0.771196,
          "RECALL@7": 0.210516,
          "NDCG@7": 0.898046,
          "MAP@7": 0.848349,
          "MRR@7": 0.89056,
          "PREC@8": 0.762195,
          "RECALL@8": 0.237072,
          "NDCG@8": 0.895833,
          "MAP@8": 0.842082,
          "MRR@8": 0.89056,
          "PREC@9": 0.75399,
          "RECALL@9": 0.262623,
          "NDCG@9": 0.894968,
          "MAP@9": 0.837352,
          "MRR@9": 0.89056,
          "PREC@10": 0.749593,
          "RECALL@10": 0.288644,
          "NDCG@10": 0.894093,
          "MAP@10": 0.831876,
          "MRR@10": 0.89056,
          "MAE": 0.762488,
          "RMSE": 0.975699,
          "hash": "VXYALQMJIWTJ",
          "degree_user_thr": 0.03727593720314938,
          "degree_item_thr": 0.01
}