{
          "PREC@1": 0.76493,
          "RECALL@1": 0.067985,
          "NDCG@1": 0.76493,
          "MAP@1": 0.76493,
          "MAP": 0.814064,
          "MRR@1": 0.76493,
          "PREC@2": 0.778272,
          "RECALL@2": 0.137577,
          "NDCG@2": 0.918679,
          "MAP@2": 0.841804,
          "MRR@2": 0.841804,
          "PREC@3": 0.768319,
          "RECALL@3": 0.197707,
          "NDCG@3": 0.915612,
          "MAP@3": 0.853346,
          "MRR@3": 0.857899,
          "PREC@4": 0.758577,
          "RECALL@4": 0.255949,
          "NDCG@4": 0.901611,
          "MAP@4": 0.848793,
          "MRR@4": 0.861393,
          "PREC@5": 0.742821,
          "RECALL@5": 0.304644,
          "NDCG@5": 0.895643,
          "MAP@5": 0.842868,
          "MRR@5": 0.862664,
          "PREC@6": 0.727022,
          "RECALL@6": 0.350619,
          "NDCG@6": 0.890716,
          "MAP@6": 0.836952,
          "MRR@6": 0.862876,
          "PREC@7": 0.711926,
          "RECALL@7": 0.391895,
          "NDCG@7": 0.887699,
          "MAP@7": 0.8295,
          "MRR@7": 0.863057,
          "PREC@8": 0.697745,
          "RECALL@8": 0.429502,
          "NDCG@8": 0.885455,
          "MAP@8": 0.823428,
          "MRR@8": 0.863057,
          "PREC@9": 0.680644,
          "RECALL@9": 0.461113,
          "NDCG@9": 0.884038,
          "MAP@9": 0.818379,
          "MRR@9": 0.863057,
          "PREC@10": 0.664041,
          "RECALL@10": 0.489698,
          "NDCG@10": 0.883015,
          "MAP@10": 0.814064,
          "MRR@10": 0.863057,
          "MAE": 0.789938,
          "RMSE": 1.01945,
          "hash": "WLBVDJHPJFNF",
          "degree_user_thr": 0.01,
          "degree_item_thr": 0.0007196856730011522
}