{
          "PREC@1": 0.768823,
          "RECALL@1": 0.096388,
          "NDCG@1": 0.768823,
          "MAP@1": 0.768823,
          "MAP": 0.803257,
          "MRR@1": 0.768823,
          "PREC@2": 0.757688,
          "RECALL@2": 0.184402,
          "NDCG@2": 0.90562,
          "MAP@2": 0.837222,
          "MRR@2": 0.837222,
          "PREC@3": 0.730647,
          "RECALL@3": 0.251566,
          "NDCG@3": 0.89714,
          "MAP@3": 0.841198,
          "MRR@3": 0.849593,
          "PREC@4": 0.711294,
          "RECALL@4": 0.315946,
          "NDCG@4": 0.885237,
          "MAP@4": 0.833569,
          "MRR@4": 0.854366,
          "PREC@5": 0.693107,
          "RECALL@5": 0.368533,
          "NDCG@5": 0.878492,
          "MAP@5": 0.825798,
          "MRR@5": 0.855638,
          "PREC@6": 0.67568,
          "RECALL@6": 0.416341,
          "NDCG@6": 0.874792,
          "MAP@6": 0.819962,
          "MRR@6": 0.856168,
          "PREC@7": 0.656264,
          "RECALL@7": 0.453794,
          "NDCG@7": 0.872372,
          "MAP@7": 0.814341,
          "MRR@7": 0.856168,
          "PREC@8": 0.635339,
          "RECALL@8": 0.484792,
          "NDCG@8": 0.871362,
          "MAP@8": 0.810262,
          "MRR@8": 0.856301,
          "PREC@9": 0.617061,
          "RECALL@9": 0.51337,
          "NDCG@9": 0.871246,
          "MAP@9": 0.806521,
          "MRR@9": 0.856654,
          "PREC@10": 0.599046,
          "RECALL@10": 0.538195,
          "NDCG@10": 0.871149,
          "MAP@10": 0.803257,
          "MRR@10": 0.856866,
          "MAE": 0.796809,
          "RMSE": 1.031158,
          "hash": "XBBCRTBNHTOQ",
          "degree_user_thr": 0.0007196856730011522,
          "degree_item_thr": 0.01
}