{
          "PREC@1": 0.823848,
          "RECALL@1": 0.031314,
          "NDCG@1": 0.823848,
          "MAP@1": 0.823848,
          "MAP": 0.829238,
          "MRR@1": 0.823848,
          "PREC@2": 0.789973,
          "RECALL@2": 0.059486,
          "NDCG@2": 0.932249,
          "MAP@2": 0.878049,
          "MRR@2": 0.878049,
          "PREC@3": 0.783198,
          "RECALL@3": 0.087442,
          "NDCG@3": 0.91968,
          "MAP@3": 0.874661,
          "MRR@3": 0.890696,
          "PREC@4": 0.780488,
          "RECALL@4": 0.116464,
          "NDCG@4": 0.908693,
          "MAP@4": 0.866682,
          "MRR@4": 0.895438,
          "PREC@5": 0.779404,
          "RECALL@5": 0.14531,
          "NDCG@5": 0.901388,
          "MAP@5": 0.860919,
          "MRR@5": 0.896522,
          "PREC@6": 0.772809,
          "RECALL@6": 0.172475,
          "NDCG@6": 0.896861,
          "MAP@6": 0.852237,
          "MRR@6": 0.896974,
          "PREC@7": 0.76384,
          "RECALL@7": 0.198851,
          "NDCG@7": 0.894052,
          "MAP@7": 0.845016,
          "MRR@7": 0.896974,
          "PREC@8": 0.759146,
          "RECALL@8": 0.224885,
          "NDCG@8": 0.89164,
          "MAP@8": 0.838406,
          "MRR@8": 0.896974,
          "PREC@9": 0.750075,
          "RECALL@9": 0.248668,
          "NDCG@9": 0.891183,
          "MAP@9": 0.834124,
          "MRR@9": 0.896974,
          "PREC@10": 0.743902,
          "RECALL@10": 0.27315,
          "NDCG@10": 0.890196,
          "MAP@10": 0.829238,
          "MRR@10": 0.896974,
          "MAE": 0.767005,
          "RMSE": 0.978141,
          "hash": "XMNHVBLRLTRZ",
          "degree_user_thr": 0.03727593720314938,
          "degree_item_thr": 0.002682695795279725
}