{
          "PREC@1": 0.710709,
          "RECALL@1": 0.360441,
          "NDCG@1": 0.710709,
          "MAP@1": 0.710709,
          "MAP": 0.752966,
          "MRR@1": 0.710709,
          "PREC@2": 0.624478,
          "RECALL@2": 0.569268,
          "NDCG@2": 0.802503,
          "MAP@2": 0.756606,
          "MRR@2": 0.756606,
          "PREC@3": 0.535466,
          "RECALL@3": 0.680667,
          "NDCG@3": 0.798918,
          "MAP@3": 0.757418,
          "MRR@3": 0.76217,
          "PREC@4": 0.455494,
          "RECALL@4": 0.737376,
          "NDCG@4": 0.795738,
          "MAP@4": 0.755022,
          "MRR@4": 0.763561,
          "PREC@5": 0.383588,
          "RECALL@5": 0.758394,
          "NDCG@5": 0.794527,
          "MAP@5": 0.753496,
          "MRR@5": 0.763561,
          "PREC@6": 0.326379,
          "RECALL@6": 0.76622,
          "NDCG@6": 0.79388,
          "MAP@6": 0.753088,
          "MRR@6": 0.763561,
          "PREC@7": 0.282138,
          "RECALL@7": 0.768909,
          "NDCG@7": 0.793828,
          "MAP@7": 0.752918,
          "MRR@7": 0.763561,
          "PREC@8": 0.247566,
          "RECALL@8": 0.769668,
          "NDCG@8": 0.79385,
          "MAP@8": 0.752959,
          "MRR@8": 0.763561,
          "PREC@9": 0.220213,
          "RECALL@9": 0.769823,
          "NDCG@9": 0.793852,
          "MAP@9": 0.752962,
          "MRR@9": 0.763561,
          "PREC@10": 0.198331,
          "RECALL@10": 0.769977,
          "NDCG@10": 0.793854,
          "MAP@10": 0.752966,
          "MRR@10": 0.763561,
          "MAE": 0.881141,
          "RMSE": 1.182634,
          "hash": "XZGVUWPFNTTK",
          "degree_user_thr": 0.01,
          "degree_item_thr": 0.13894954943731375
}