{
          "PREC@1": 0.777306,
          "RECALL@1": 0.101327,
          "NDCG@1": 0.777306,
          "MAP@1": 0.777306,
          "MAP": 0.804043,
          "MRR@1": 0.777306,
          "PREC@2": 0.746554,
          "RECALL@2": 0.182109,
          "NDCG@2": 0.906681,
          "MAP@2": 0.841994,
          "MRR@2": 0.841994,
          "PREC@3": 0.728172,
          "RECALL@3": 0.2534,
          "NDCG@3": 0.899804,
          "MAP@3": 0.84597,
          "MRR@3": 0.8579,
          "PREC@4": 0.716331,
          "RECALL@4": 0.318371,
          "NDCG@4": 0.885464,
          "MAP@4": 0.836809,
          "MRR@4": 0.861612,
          "PREC@5": 0.694592,
          "RECALL@5": 0.37113,
          "NDCG@5": 0.87963,
          "MAP@5": 0.831871,
          "MRR@5": 0.862672,
          "PREC@6": 0.675504,
          "RECALL@6": 0.418609,
          "NDCG@6": 0.874346,
          "MAP@6": 0.823333,
          "MRR@6": 0.862849,
          "PREC@7": 0.653689,
          "RECALL@7": 0.45646,
          "NDCG@7": 0.872557,
          "MAP@7": 0.817503,
          "MRR@7": 0.863152,
          "PREC@8": 0.635207,
          "RECALL@8": 0.489026,
          "NDCG@8": 0.870836,
          "MAP@8": 0.811919,
          "MRR@8": 0.863152,
          "PREC@9": 0.616708,
          "RECALL@9": 0.517471,
          "NDCG@9": 0.869721,
          "MAP@9": 0.807359,
          "MRR@9": 0.863152,
          "PREC@10": 0.598834,
          "RECALL@10": 0.542364,
          "NDCG@10": 0.86923,
          "MAP@10": 0.804043,
          "MRR@10": 0.863152,
          "MAE": 0.792602,
          "RMSE": 1.028377,
          "hash": "ZQQOHXRMFPCS",
          "degree_user_thr": 0.005179474679231209,
          "degree_item_thr": 0.005179474679231209
}